OBJECTID,Location,POINT_X,POINT_Y,INTID,X,Y
1,"NANAIMO ST, EIGHTEENTH ST",504276.0412,5450020.043,INT738,-122.941299348186,49.2029609441343
2,"LONDON ST, TWENTY-FIRST ST",503455.5706,5450109.938,INT720,-122.952561829039,49.2037747511595
3,"SIXTH AVE, EIGHTEENTH ST",504343.3424,5449950.6951,INT737,-122.940376201048,49.2023366661348
4,"FIRST ST, COLLEGE CRT",506882.9047,5451062.0471,INT481,-122.90549501803,49.2123103307421
5,ROUSSEAU ST,508283.57,5453313.87,INT612,-122.88621687476,49.232548706091
6,"E TENTH AVE, LEE ST",507351.4337,5453514.8189,INT707,-122.899016993105,49.2343681906182
7,"E COLUMBIA ST, CEDAR ST",507808.076,5453058.2596,INT519,-122.892753225763,49.2302556780717
8,"CHURCHILL AVE, CHESTNUT ST",507102.5195,5453033.2623,INT514,-122.902444729119,49.2300394117868
9,"PRINCESS ST, EIGHTH ST",505474.8492,5451007.3389,INT317,-122.924828898936,49.2118324150127
10,"SALTER ST, WOOD ST",504594.0072,5448235.5125,INT93,-122.936954780165,49.1869062458387
11,FOURTH AVE,505043.1087,5449977.2731,INT945,-122.930769741066,49.2025703848
12,"AGNES ST, HASTINGS ST",507191.568,5450750.7231,INT699,-122.90126253352,49.2095063412666
13,"FIFTH AVE, ELEVENTH ST",505284.5174,5450466.3924,INT394,-122.927449322163,49.2069681201852
14,CARROL ST,507216.2675,5452186.9372,INT956,-122.900897594639,49.2224251770428
15,"DUNCAN ST, BLACKLEY ST",505163.4976,5449125.3327,INT86,-122.929128030994,49.1949059243248
16,"RICHMOND ST, LEE ST",507394.9578,5453467.3381,INT752,-122.898420000846,49.233940565466
17,RIALTO CT,505323.4885,5449694.9541,INT663,-122.926924517705,49.2000284712984
18,"THIRD AVE, FOURTH ST",506398.3975,5450811.5282,INT186,-122.912151476477,49.2100620955128
19,"EIGHTH AVE, FIFTEENTH ST",504447.13,5450571.06,INT953,-122.938944573855,49.2079162841403
20,"DUBLIN ST, TWENTY-FIRST ST",503513.7868,5450039.7181,INT781,-122.951763250076,49.2031427714696
21,"QUEENS AVE, SHAW ST",505752.3027,5449992.4822,INT403,-122.921033933289,49.2027009494686
22,"CARNARVON ST, BLACKWOOD ST",506868.2309,5450336.2623,INT469,-122.905708911035,49.2057818601507
23,"NAPANEE ST, ELEVENTH ST",505319.2972,5450424.1971,INT408,-122.926972392719,49.2065882605184
24,"FIFTH AVE, SHARPE ST",504878.6661,5450133.7147,INT272,-122.933025256872,49.2039789536597
25,"FOURTH ST, LANCASTER ST",506433.3767,5450769.7857,INT205,-122.91167188964,49.2096862439051
26,"EWEN AVE, HOLLY AVE",505248.6152,5449030.515,INT27,-122.927960982602,49.1940522874234
27,"SALTER ST, GIFFORD ST",503698.6657,5447658.0488,INT52,-122.949247181904,49.1817178262086
28,"SALTER ST, SPRICE ST",504141.3566,5447945.3515,INT98,-122.943169653639,49.1842993782505
29,"FIRST ST, QUEENS AVE",506953.0554,5450976.4957,INT434,-122.904533304663,49.211539980557
30,"E COLUMBIA ST, ALBERTA ST, NELSON CR",507796.2841,5452324.1998,INT345,-122.892929460336,49.2236527803221
31,"SIXTH AVE, EIGHTH ST",505534.3305,5450933.2601,INT828,-122.9240132273,49.2111655212851
32,"CARNEGIE ST, CHERRY ST",507183.4912,5452935.53,INT619,-122.901334310531,49.2291593413754
33,"ST. ANDREWS ST, ELEVENTH ST",505354.2621,5450381.8796,INT395,-122.926492931031,49.2062072980196
34,"CLARKSON ST, BLACKWOOD ST",506907.3033,5450288.2407,INT644,-122.905173329092,49.2053494531711
35,"FOURTH ST, ST. GEORGE ST",506468.6019,5450726.7705,INT204,-122.91118895311,49.2092989393988
36,CANIL AVE,503154.4279,5447466.0408,INT12,-122.95671667671,49.1799936911399
37,"LONDON ST, LONDON PL",503042.8848,5449768.4147,INT267,-122.958229777189,49.2007048353711
38,"VANCOUVER ST, FIRST ST, PARK ROW",506984.0627,5450940.2403,INT437,-122.904108200283,49.2112135006919
39,"EDINBURGH ST, TWENTY-FIRST ST",503571.8388,5449968.864,INT780,-122.950966951189,49.2025050823354
40,"BELLEVILLE ST, ELEVENTH ST",505390.7897,5450337.6429,INT396,-122.925992048814,49.2058090560106
41,"LIVERPOOL ST, FOURTH ST",506504.0676,5450684.359,INT203,-122.910702712415,49.2089170607485
42,"CAPILANO WAY, EDWORTHY WAY",508420.7997,5452417.2494,INT281,-122.884350717925,49.2244815163535
43,MEAD ST,503822.5136,5449708.7317,INT975,-122.947528245693,49.2001636028323
44,"BLAIR AVE, HOSPITAL ST",507464.2727,5452641.4259,INT326,-122.897483239546,49.2265104445927
45,"EIGHTH AVE, FIFTH ST",505633.0344,5451549.6677,INT155,-122.922649365639,49.2167093766103
46,"COLUMBIA ST, BLACKWOOD ST",506942.4,5450239.77,INT472,-122.904692343955,49.2049130489485
47,"FOURTH AVE, ELEVENTH ST",505425.5894,5450295.3683,INT299,-122.925514869553,49.2054284767584
48,"EIGHTH AVE, TWENTY-FIRST ST",503630.7341,5449897.8515,INT778,-122.950159097813,49.2018659577976
49,"QUEENS AVE, FOURTH ST",506542.2004,5450637.6567,INT185,-122.910179931632,49.2084965546192
50,GOVERNORS CT,507648.2696,5451722.84,INT957,-122.894973682641,49.2182452616223
51,"MINER ST, RICHMOND ST",507527.5603,5451842.7577,INT505,-122.896629014677,49.2193254476268
52,PIER PL,503271.5179,5447329.2761,INT24,-122.955111145313,49.1787628338335
53,"CARNARVON ST, BEGBIE ST",506449.5828,5449994.8131,INT855,-122.911461833242,49.2027149758349
54,"AUGUSTA ST, ELEVENTH ST",505460.178,5450253.3816,INT397,-122.925040591759,49.2050504871373
55,"FIFTH AVE, EIGHTH ST",505663.7396,5450779.6358,INT714,-122.922238599735,49.2097824453877
56,"TENTH AVE, TWELFTH ST",504526.8704,5451185.1504,INT412,-122.937842879808,49.213439616136
57,"RICHMOND ST, SCHOOL ST",507382.4296,5452711.6024,INT561,-122.898606005882,49.2271426916363
58,"HAMILTON ST, TWENTY-FIRST ST",503689.8732,5449826.9562,INT796,-122.949347917459,49.2012278803265
59,GRIFFITHS PL,507707.8996,5453113.008,INT881,-122.89412813035,49.2307494222954
60,"QUEENS AVE, ASH ST",506135.3954,5450301.9148,INT717,-122.915770217903,49.2054806694269
61,"TENTH AVE, SECOND ST",505724.9251,5452172.8593,INT222,-122.921378667945,49.2223142978918
62,"CORNWALL ST, ELEVENTH ST",505495.5593,5450210.6055,INT398,-122.924555449601,49.2046653875594
63,"MCINNIS OVERPASS, QUAYSIDE DR, K DE K CRT",506134.4912,5449570.8064,INT657,-122.915793798123,49.1989041463162
64,"MEMORIAL DR, ROSS DR",507172.4024,5451454.6862,INT15,-122.90151309062,49.2158389041453
65,"EWEN AVE, HIGHWAY 91A, HOWES ST",503886.6978,5448165.1976,INT835,-122.946662117546,49.1862786315136
66,"CLARKSON ST, BEGBIE ST",506489.3833,5449944.9733,INT860,-122.910916268501,49.202266232348
67,"COLUMBIA ST, PATTULLO ON-RAMP",507301.5911,5450593.6927,INT603,-122.899754816861,49.2080925083869
68,"EWEN AVE, CAMPBELL ST",504331.849,5448448.6642,INT110,-122.940550172565,49.1888255208938
69,"ROYAL AVE, FIRST ST",507086.5798,5450807.3778,INT483,-122.90270297892,49.2100171890474
70,"SPARKS CT, GIFFORD ST, PRETTY CT",503765.5817,5447553.2101,INT51,-122.948329947674,49.1807743604493
71,FOURTH ST,506631.3393,5450528.6969,INT961,-122.908957914941,49.2075154726352
72,"EIGHTH ST, ST. ANDREWS ST",505734.5415,5450694.3042,INT874,-122.921267731277,49.2090142052349
73,TWENTY-FIRST ST,503734.0233,5449773.145,INT844,-122.948742355271,49.2007435651694
74,"RICKMAN PL, YORK ST",506587.7266,5452763.3432,INT571,-122.909519990816,49.2276171776649
75,"OXFORD ST, ELEVENTH ST",505530.595,5450168.0357,INT399,-122.924075056588,49.2042821447685
76,"LONDON ST, TWELFTH ST",504594.8075,5451102.5962,INT391,-122.936911001167,49.2126965124815
77,"RICHMOND ST, CUMBERLAND ST",507370.7521,5451977.3254,INT500,-122.898779881937,49.2205378257232
78,"GLOUCESTER ST, ASH ST",506200.3156,5450224.4523,INT718,-122.914880157947,49.2047832187701
79,"SECOND ST, BLACKMAN ST",505780.574,5452105.6299,INT217,-122.920615401953,49.2217090292712
80,COLUMBIA ST,505972.6318,5449721.2572,INT836,-122.918013350979,49.2002590940303
81,"COLUMBIA ST, BEGBIE ST",506528.3159,5449896.4068,INT454,-122.910382607005,49.2018289492015
82,WILSON ST,508188.1072,5453348.6582,INT769,-122.887527438769,49.2328629182149
83,"SANGSTER PL, MCBRIDE BLVD",506317.5039,5452296.9436,INT589,-122.913238741733,49.2234246426071
84,TWENTY-FIRST ST,503882.5613,5449618.5474,INT535,-122.94670484125,49.199351990616
85,"GLOVER AVE, SECOND ST",505792.1921,5452091.4554,INT216,-122.920456055437,49.2215814161908
86,BOYD ST,504016.1756,5448753.7242,INT82,-122.944879389522,49.1915717802549
87,"SEVENTH AVE, FIFTH ST",505774.2161,5451378.6086,INT157,-122.920713176628,49.2151693394189
88,"E COLUMBIA ST, MAJOR ST",507807,5452998.573,INT755,-122.89276916698,49.2297187964665
89,"THIRD AVE, ELEVENTH ST",505565.4904,5450125.882,INT407,-122.923596591276,49.2039026441716
90,"EWEN AVE, JOHNSTON ST",504771.0543,5448728.4601,INT57,-122.934519248917,49.191339112636
91,"ROYAL AVE, FOURTH ST",506672.2891,5450478.396,INT677,-122.908396549132,49.2070625574421
92,MCGILLVRAY PL,504189.8203,5448575.0162,INT930,-122.942498040871,49.1899630838525
93,"GARFIELD ST, WINTHROP ST",507533.6221,5453265.676,INT526,-122.89651904681,49.2321248765463
94,"FRONT ST, BEGBIE ST",506573.6238,5449841.4882,INT246,-122.909761542896,49.2013344562398
95,"FOURTH AVE, EIGHTH ST",505804.9226,5450609.7071,INT42,-122.920302659548,49.2082525678553
96,"E ROYAL AVE, ROSS DR",507394.4443,5451211.6392,INT16,-122.898468634004,49.2136499919069
97,"SECOND ST, NINTH AVE",505834.4001,5452040.0908,INT215,-122.919877162193,49.2211189776091
98,"DUBLIN ST, TWELFTH ST",504662.5784,5451020.5222,INT390,-122.935981426854,49.2119577220222
99,"CHURCHILL AVE, YORK ST",506658.8563,5452675.6721,INT569,-122.908544507333,49.2268277849552
100,BOYD ST,504447.7532,5449041.6857,INT892,-122.938952953415,49.1941591042752
101,"ROYAL AVE, ASH ST",506261.9644,5450149.3212,INT674,-122.914034996771,49.2041067662289
102,"CUNNINGHAM ST, FOURTH ST",506713.9746,5450427.4846,INT678,-122.907825103509,49.2066041398123
103,"STEWARDSON WAY, FIFTH AVE",504821.4631,5450127.4718,INT669,-122.933810618919,49.2039232496337
104,"E EIGHTH AVE, MCBRIDE BLVD",506410.4848,5452190.6473,INT588,-122.911963491349,49.2224675139574
105,MCBRIDE BLVD,506318.1999,5452282.32,INT586,-122.913229413568,49.2232930923964
106,"AGNES ST, FIRST ST",507151.2941,5450717.9788,INT484,-122.901816061109,49.2092122686116
107,"SOUTH DYKE RD, GIFFORD ST",503807.5879,5447487.3981,INT101,-122.94775417607,49.1801821004689
108,"SINCLAIR AVE, SECOND ST",505860.153,5452008.8901,INT224,-122.919523958024,49.2208380733065
109,SPRICE ST,504250.2855,5447774.9449,INT99,-122.941676663822,49.1827657703889
110,"E EIGHTH AVE, MCBRIDE BLVD",506414.9662,5452184.0648,INT595,-122.911902052691,49.2224082557547
111,"BEGBIE ST, QUAYSIDE DR",506591.7735,5449815.8332,INT245,-122.909512816916,49.2011034871521
112,K DE K CRT,506143.8382,5449532.6573,INT907,-122.915666078449,49.1985608902777
113,COLLEGE CRT,506839.8335,5451026.5879,INT719,-122.906087005877,49.21199184792
114,"AGNES ST, FOURTH ST",506748.7637,5450385.0678,INT963,-122.907348204055,49.2062222066303
115,"SECOND ST, SANDRINGHAM AVE",505886.8894,5451976.6732,INT223,-122.919157266694,49.2205480174754
116,"FOURTH AVE, ARBUTUS ST",506598.7273,5451264.6743,INT429,-122.909393548827,49.2141361438242
117,"FADER ST, SHERBROOKE ST",507991.8546,5452793.1546,INT544,-122.890234247465,49.2278686235837
118,"MCBRIDE BLVD, E EIGHTH AVE, EIGHTH AVE",506408.9181,5452184.6941,INT587,-122.911985102239,49.2224139797859
119,"STEWARDSON WAY, MARINE WAY",504305.58,5449903.1,INT898,-122.940895099255,49.2019088005955
120,"EIGHTH ST, KENNEDY ST",505875.5806,5450524.1029,INT41,-122.919333830629,49.2074818605229
121,"EDINBURGH ST, TWELFTH ST",504729.605,5450939.3357,INT389,-122.935062089084,49.2112269130553
122,"DICKENSON ST, FOURTH ST, VICTORIA ST",506784.3963,5450343.3912,INT467,-122.906859719381,49.2058469204289
123,PIER PL,503347.8759,5447204.9209,INT23,-122.954064464411,49.1776438052276
124,"HARVEY ST, FISHER ST",507117.7398,5452200.8408,INT324,-122.90225044595,49.222551396388
125,"MCBRIDE BLVD, EIGHTH AVE",506402.6575,5452185.3172,INT591,-122.912071070206,49.2224196502082
126,"RICHMOND ST, KWANTLEN CT",507437.263,5451881.3324,INT503,-122.897868290437,49.2196735400128
127,"MCBRIDE BLVD, EIGHTH AVE",506407.5258,5452179.4035,INT594,-122.912004307437,49.2223664040432
128,GINGER DR,506953.2859,5451633.6811,INT632,-122.90451875449,49.2174515367897
129,"JOHNSTON ST, BOYD ST, FENTON ST",504448.7196,5449024.0554,INT103,-122.938939884425,49.1940005072951
130,"RIVER DR, TWENTY-FIRST ST",503935.8718,5449537.3297,INT536,-122.945973854565,49.1986210729893
131,CAPILANO WAY,508450.842,5452326.8114,INT540,-122.883940030175,49.2236675903919
132,"OVENS AVE, SECOND ST",505926.9222,5451927.9701,INT225,-122.918608229322,49.2201095342574
133,"FIFTH AVE, LOUELLEN ST",505235.7663,5450426.2819,INT409,-122.928119144226,49.2066077332392
134,"SIXTH AVE, FIFTH ST",505892.6125,5451229.2239,INT455,-122.919089648791,49.2138244561335
135,"QUEENS AVE, ELEVENTH ST",505710.274,5449950.2348,INT406,-122.9216114921,49.2023213148226
136,"SECOND ST, OSBORNE AVE",505940.3937,5451911.7635,INT218,-122.918423471381,49.219963621133
137,"WINTHROP ST, ELMER ST",507544.5017,5453228.1936,INT34,-122.896370311409,49.2317875794565
138,"CARNARVON ST, FOURTH ST",506819.2653,5450300.2005,INT645,-122.90638175088,49.2054580208812
139,"BRUNETTE AVE, ALLEN ST",508141.5165,5452629.4237,INT616,-122.888182013333,49.226393852768
140,ARBUTUS ST,506667.4472,5451181.2519,INT431,-122.908451349929,49.2133849927898
141,"SALTER ST, HOLLY AVE",505394.3608,5448800.4127,INT28,-122.925963665684,49.1919811816399
142,"YORK ST, JACKSON CR",506767.4256,5452540.7345,INT329,-122.907055650316,49.225612797306
143,"EIGHTH AVE, TWELFTH ST",504796.4099,5450858.4608,INT286,-122.934145818605,49.210498901355
144,"THIRD AVE, EIGHTH ST",505946.0587,5450438.7167,INT39,-122.91836749841,49.2067131076944
145,"MCDONALD ST, WINTHROP ST",507566.5797,5453201.4647,INT33,-122.896067557553,49.2315468741763
146,"AMESS ST, WINTHROP ST",507491.5171,5453276.2564,INT690,-122.897097197509,49.2322205663879
147,RICHMOND ST,507374.34,5451931.33,INT501,-122.898731455936,49.2201240420772
148,"CLARKSON ST, FOURTH ST",506861.728,5450251.0238,INT965,-122.905799643052,49.2050151885949
149,"E COLUMBIA ST, WARD ST",507806.2283,5452958.52,INT756,-122.89278054609,49.2293585199066
150,"FIFTH AVE, FIFTH ST",506030.162,5451081.6277,INT194,-122.917203201973,49.2124954496056
151,"EIGHTH AVE, SECOND ST",505993.9055,5451846.7597,INT221,-122.917689591782,49.2193783735514
152,"E EIGHTH AVE, YORK ST",506797.6558,5452502.9964,INT330,-122.906641106521,49.2252729988066
153,"KINGSTON ST, TWELFTH ST",504831.5903,5450815.8074,INT287,-122.933663309262,49.2101149456385
154,ECKERT AVE,503449.116,5447815.381,INT77,-122.952670133566,49.1831345349642
155,HOLLY AVE,505408.4797,5448778.1218,INT29,-122.925770187275,49.19178054374
156,MCBRIDE BLVD,506526.858,5452041.634,INT593,-122.91036774048,49.221125871804
157,"E EIGHTH AVE, WINTHROP ST",507604.1715,5453154.5039,INT827,-122.895552098459,49.231123984839
158,"RICHMOND ST, SEYMOUR CRT",507381.6246,5451915.8053,INT637,-122.898631705529,49.219984305656
159,"COLUMBIA ST, FOURTH ST",506899.3638,5450205.8037,INT471,-122.905283742436,49.2046079984446
160,"AUCKLAND ST, ELEVENTH ST",505775.4387,5449868.7326,INT405,-122.920718108324,49.2015875681962
161,"RICHMOND ST, HOSPITAL ST",507381.4384,5452642.5283,INT550,-122.898620890722,49.226521364982
162,"ROUSSEAU ST, BRAID ST",508279.6979,5453204.82,INT611,-122.88627231363,49.2315678280511
163,"E COLUMBIA ST, HOLMES ST",507820.0966,5453663.2425,INT700,-122.892576319089,49.2356974885253
164,"HAMILTON ST, TWELFTH ST",504867.43,5450772.127,INT411,-122.933171767872,49.2097217444927
165,"E COLUMBIA ST, STRAND AVE",507794.6743,5452227.5,INT508,-122.892953447435,49.2227829618192
166,GINGER DR,506857.7259,5451703.0256,INT631,-122.905829779935,49.2180763860308
167,"E TENTH AVE, KENT ST",507288.07,5453462.69,INT944,-122.899888335112,49.2339000364231
168,"QUEBEC ST, ELEVENTH ST",505809.6601,5449827.0141,INT404,-122.920248940597,49.2012119746824
169,"MARINE DR, FENWICK AVE",503230.1246,5449483.7476,INT581,-122.955661792908,49.1981432108738
170,"E SIXTH AVE, LIDSTER PL",507034.6944,5452253.7189,INT322,-122.903389998539,49.2230280078179
171,"FRONT ST, FOURTH ST",506939.4545,5450155.8692,INT470,-122.904734230576,49.2041583708069
172,"DURHAM ST, SECOND ST",506064.3684,5451761.3859,INT230,-122.916723261934,49.2186097201389
173,SEVENTH AVE,503713.36,5449729.31,INT684,-122.949026409433,49.2003493817737
174,LIDSTER PL,507010.736,5452275.5364,INT498,-122.903718646138,49.2232245364898
175,"EIGHTH ST, MILTON ST",506048.65,5450314.5,INT37,-122.916960911323,49.205594739178
176,CLUTE ST,506262.3557,5452291.4817,INT958,-122.913996202318,49.2233760777788
177,"E DURHAM ST, YORK ST",506866.8717,5452417.8056,INT333,-122.905691956209,49.224505913907
178,PRETTY CT,503702.9848,5447544.3644,INT806,-122.949188962496,49.1806951715506
179,"CARNARVON ST, ALEXANDER ST",506403.0747,5449956.4001,INT856,-122.912100895765,49.2023699274444
180,"ROYAL AVE, ELEVENTH ST",505845.0845,5449783.6542,INT124,-122.919763290037,49.2008216028972
181,"MOTT CR, MCBRIDE BLVD",506199.2354,5452350.8995,INT479,-122.914862143069,49.2239111982594
182,"SALTER ST, DOCKSIDE CRT",503178.7393,5447333.8722,INT26,-122.956384133903,49.1788046650775
183,BRUNETTE AVE,508728.1143,5453472.5216,INT825,-122.880107173812,49.2339696382212
184,"FIFTH ST, FIFTH AVE",506029.5536,5451056.5448,INT642,-122.91721193234,49.2122698280227
185,"SEVENTH AVE, TWELFTH ST",504937.0367,5450688.0473,INT288,-122.932217125156,49.2089648669812
186,"EWEN AVE, MCGILLVRAY PL",504283.809,5448418.2409,INT109,-122.94120979222,49.1885521911728
187,GARRETT ST,508084.906,5453382.9477,INT906,-122.888944325289,49.2331727317772
188,"E EIGHTH AVE, CHERRY ST, DEVOY ST, SHERBROOKE ST",507188.4906,5452818.6958,INT511,-122.901267737769,49.2281083304441
189,"QUEENS AVE, EIGHTH ST",506090.0791,5450264.1525,INT38,-122.91639291478,49.2051414387584
190,"FOURTH AVE, LOUELLEN ST",505371.4754,5450250.3912,INT300,-122.926258373851,49.2050243714896
191,"RICHMOND ST, KENT ST",507392.7624,5453340.725,INT753,-122.89845249224,49.2328016771517
192,"SEVENTH AVE, SECOND ST",506134.8002,5451676.4377,INT231,-122.915757382608,49.2178448872527
193,"DUNCAN ST, MERCER ST",505021.1567,5449136.7205,INT87,-122.93108159775,49.1950095433606
194,QUAYSIDE DR,506558.8534,5449790.5763,INT244,-122.909965132504,49.2008766471439
195,ALEXANDER ST,506446.6124,5449902.2126,INT859,-122.911504096405,49.2018820388321
196,"E SIXTH AVE, MCBRIDE BLVD, SIXTH AVE",506669.7623,5451868.41,INT597,-122.908408141585,49.2195661374675
197,"E SEVENTH AVE, YORK ST",506935.8783,5452332.5549,INT350,-122.904745710741,49.223738284679
198,"ROYAL AVE, WINDSOR ST",507039.2133,5450767.9041,INT643,-122.90335400063,49.2096626582272
199,SALTER ST,504956.7228,5448463.993,INT78,-122.93197428898,49.18895867564
200,"NANAIMO ST, TWELFTH ST",505001.2514,5450610.295,INT410,-122.931336460856,49.2082649422826
201,COLUMBIA ST,506481.7401,5449858.4924,INT819,-122.9110225869,49.2014883924943
202,"FIFTH ST, FOURTH AVE",506164.5345,5450905.9898,INT144,-122.915360907304,49.2109142011533
203,"PRINCESS ST, SECOND ST",506195.4075,5451604.2497,INT232,-122.914926243149,49.2171949270411
204,"TENTH AVE, SIXTH ST",505270.5747,5451798.0216,INT457,-122.927623254795,49.2189466121813
205,"TRAPP RD, FENWICK AVE",503299.2862,5449385.8108,INT845,-122.954713252941,49.1972618712452
206,"WINDSOR ST, CUNNINGHAM ST",507073.8917,5450724.7429,INT646,-122.902878639235,49.2092740119861
207,"CHURCHILL AVE, LAUREL ST",507021.5458,5452968.1773,INT557,-122.903558065507,49.229454890217
208,"E COLUMBIA ST, RICHMOND ST",507729.0241,5451529.7057,INT636,-122.893868480711,49.216506954685
209,"SALTER ST, HOWES ST",504060.3195,5447893.3468,INT805,-122.944282221262,49.183832120976
210,"BASRAN AVE, SUZUKI ST",503486.5332,5447734.9183,INT928,-122.952157380778,49.1824105350982
211,"STEWARDSON WAY, SIXTH AVE, MARINE WAY",504260.2,5449883.31,INT897,-122.941518263317,49.2017311007897
212,"SALTER ST, CAMPBELL ST",504503.7618,5448178.0013,INT95,-122.938193893974,49.1863895836618
213,"SIXTH AVE, TWELFTH ST",505059.2061,5450541.0039,INT290,-122.930541658761,49.2076411734121
214,MARINE WAY,503329.95,5449347.49,INT976,-122.954292672472,49.1969169981648
215,"AGNES ST, WINDSOR ST",507108.7726,5450682.268,INT967,-122.902400492931,49.2088915348761
216,ROYAL AVE,505828.1951,5449769.1857,INT125,-122.919995344102,49.20069161532
217,HAMPTON ST,503727.6264,5448216.5917,INT911,-122.948844606667,49.1867419254504
218,NANAIMO ST,504187.5007,5449947.086,INT887,-122.942515574778,49.2023052857475
219,"ROYAL AVE, EIGHTH ST",506221.1372,5450104.986,INT451,-122.91459616365,49.2037083741561
220,"SIXTH AVE, SECOND ST",506256.4849,5451530.3073,INT176,-122.914088697633,49.2165291746901
221,"FIFTH ST, BLACKFORD ST",506234.8512,5450820.7314,INT212,-122.914396783899,49.2101465667822
222,"CUMBERLAND ST, GLENBROOKE DR",507263.04,5451980.3824,INT44,-122.900258999126,49.2205666108894
223,"FIFTH AVE, FIFTH ST",505999.26,5451051.59,INT641,-122.917627948608,49.2122255556014
224,"TENTH AVE, NINETEENTH ST",503656.1722,5450467.5685,INT834,-122.949804709476,49.2069905778617
225,"BLACKLEY ST, MERCER ST",505065.5146,5449057.447,INT92,-122.930473758713,49.1942960891483
226,"THIRD AVE, LOUELLEN ST",505506.9783,5450076.8096,INT122,-122.92440052131,49.2034617522624
227,MARINE DR,503118.0556,5449543.5173,INT582,-122.957199640246,49.1986814377304
228,MCBRIDE BLVD,506835.6589,5451667.8627,INT599,-122.906133402306,49.217760333131
229,"REGINA ST, SECOND ST",506320.3245,5451451.4851,INT172,-122.913213322698,49.2158194926016
230,"THIRD AVE, FIFTH ST",506305.3809,5450735.3186,INT206,-122.913429768371,49.2093775332153
231,"TENTH AVE, SIXTEENTH ST",504053.0885,5450795.0198,INT694,-122.944352174817,49.209933599282
232,"KELLY ST, SHERBROOKE ST",507897.9613,5452794,INT761,-122.891523825002,49.2278774463352
233,"RICKMAN PL, JACKSON CR",506521.4286,5452709.683,INT572,-122.910431440878,49.227135200404
234,JACK MAHONY PL,506512.5444,5451988.0192,INT228,-122.910565176805,49.2206437451153
235,"EIGHTH ST, AGNES ST",506299.0318,5450009.6829,INT651,-122.913528321829,49.2028502997165
236,"HARVEY ST, DIXON ST",507116.5517,5452109.7112,INT323,-122.9022683789,49.2217316761575
237,BEACH ST,505028.5593,5449083.7201,INT797,-122.930980655992,49.1945327279287
238,"COURTNEY CR, MCBRIDE BLVD",506107.3024,5452387.5806,INT590,-122.916124154786,49.2242420777813
239,"GALBRAITH AVE, SUZUKI ST",503530.701,5447659.0132,INT74,-122.951551971783,49.1817274911578
240,"FIFTH AVE, TWELFTH ST",505186.7415,5450385.4501,INT293,-122.928792723417,49.2062408563981
241,"VICTORIA ST, EIGHTH ST",506331.3914,5449970.4065,INT854,-122.913084716302,49.2024966637353
242,"LONDON ST, NINETEENTH ST",503724.1729,5450385.148,INT724,-122.94887189823,49.2062487721426
243,MAYES ST,504717.54,5450122.27,INT22,-122.935237342609,49.2038772666615
244,"FIFTH AVE, SECOND ST",506384.4748,5451374.0381,INT423,-122.912333684678,49.2151221708623
245,"SOUTH DYKE RD, DOCKSIDE CRT",503288.6016,5447164.077,INT25,-122.954878088936,49.1772767212562
246,"LONDON ST, SIXTEENTH ST",504121.3422,5450712.7453,INT750,-122.943415914784,49.209193061529
247,"CARNARVON ST, EIGHTH ST",506367.052,5449926.8222,INT857,-122.912595870716,49.2021042409428
248,"MCBRIDE BLVD, E TENTH AVE, TENTH AVE",506046.863,5452436.9207,INT585,-122.916953466547,49.2246865043038
249,"QUEENS AVE, BONSON ST",506855.8786,5450896.7818,INT435,-122.905868919022,49.2108240272549
250,"E SIXTH AVE, FISHER ST",507006.0457,5452207.2026,INT497,-122.903784253268,49.2226099102247
251,MARINE WAY,503320.64,5449317.79,INT580,-122.954420708186,49.1966498880929
252,MCBRIDE BLVD,506107.25,5452374.34,INT584,-122.916125076015,49.2241229757203
253,"SECOND ST, ELGIN ST",506419.3117,5451331.1361,INT822,-122.911856020031,49.2147358917893
254,MINER ST,507455.2448,5451756.3143,INT506,-122.897623679819,49.2185487512357
255,"TWELFTH ST, CAMERON ST",505257.0624,5450300.2293,INT301,-122.927828424589,49.2054736716506
256,"BLACKBERRY DR, MCBRIDE BLVD",506953.2524,5451526.075,INT600,-122.904521078967,49.2164835918704
257,"E EIGHTH AVE, BUCHANAN AVE",507555.6607,5453114.2814,INT529,-122.89621918042,49.23076277433
258,"RIVER DR, FIFTH AVE",504290.4242,5449804.7756,INT770,-122.941104200875,49.2010244497681
259,"DUBLIN ST, NINETEENTH ST",503791.3408,5450303.7065,INT841,-122.947950538743,49.2055157703463
260,"RICHMOND ST, WINTHROP ST",507391.9154,5453277.7404,INT754,-122.898465287838,49.2322351258967
261,"ROYAL AVE, COLUMBIA ST",505817.1504,5449735.688,INT905,-122.920147441612,49.2003903985884
262,"ST. PATRICK ST, SECOND ST",506454.614,5451288.6662,INT425,-122.911371965498,49.2143534926727
263,"EIGHTH AVE, SIXTH ST",505539.8308,5451473.2549,INT456,-122.923930254795,49.2160228727942
264,"PARK ROW, BONSON ST",506954.2522,5450788.3087,INT475,-122.90452013241,49.2098471733416
265,"DUBLIN ST, SIXTEENTH ST",504188.5298,5450631.4361,INT732,-122.942494309469,49.2084612065389
266,"EWEN AVE, MERCER ST",505131.164,5448955.833,INT91,-122.929573992399,49.1933814941865
267,"BRUNETTE AVE, E COLUMBIA ST, DEBECK ST",507792.9545,5452137.073,INT356,-122.892978822454,49.221969570003
268,"EWEN AVE, HAMPTON ST",503790.7987,5448103.7715,INT909,-122.947978737547,49.1857266842808
269,"COLUMBIA ST, EIGHTH ST",506446.9942,5449830.0036,INT858,-122.911500014312,49.2012324939141
270,"WILSON ST, BRAID ST",508185.8499,5453203.452,INT766,-122.88756140963,49.2315567844326
271,FADER ST,508001.2772,5453388.0815,INT768,-122.890092960346,49.233220010127
272,"E TENTH AVE, CHILLIWACK ST",506837.4074,5453090.7456,INT560,-122.906085139282,49.2305595057986
273,"SALTER ST, SUZUKI ST",503578.3168,5447582.9882,INT916,-122.950899267972,49.1810433453227
274,"OAKLAND ST, SECOND ST",506490.0165,5451246.0477,INT427,-122.910886545006,49.2139697537478
275,MCBRIDE BLVD,507016.7507,5451449.3006,INT687,-122.903650492619,49.2157922617725
276,"MARINE WAY, HIGHWAY 91A",503799.3,5449551.53,INT900,-122.947848386164,49.1987496706412
277,"FOURTH AVE, TWELFTH ST",505328.1434,5450214.5141,INT298,-122.926853727292,49.2047020248861
278,"CARROL ST, CUMBERLAND ST",507213.274,5451980.9981,INT43,-122.900942407511,49.2205727373475
279,"EDINBURGH ST, NINETEENTH ST",503858.4324,5450222.0571,INT843,-122.947030255958,49.2047808914756
280,"RICHMOND ST, KEARY ST",507379.8,5452542.12,INT338,-122.898645240415,49.2256181871311
281,"E COLUMBIA ST, NOOTKA ST",507818.75,5453562.15,INT876,-122.892596788756,49.2347881552058
282,MCBRIDE BLVD,507048.7388,5451410.0145,INT688,-122.903211943257,49.2154385056435
283,"SIXTH ST, HAMILTON ST",505610.7078,5451387.2052,INT153,-122.922958216829,49.2152481874283
284,"SECOND ST, FOURTH AVE",506524.9519,5451203.2015,INT428,-122.910407549351,49.2135839695132
285,"EDINBURGH ST, SIXTEENTH ST",504255.6678,5450549.9377,INT733,-122.941573414325,49.207727642549
286,"EWEN AVE, FENTON ST",504676.2649,5448668.0468,INT105,-122.935820896415,49.1907964064209
287,"ALBERTA ST, MINER ST",507589.4779,5452327.8927,INT344,-122.895769565631,49.2236885964948
288,"BOYD ST, PEMBINA ST",504369.2418,5448973.3725,INT102,-122.940031293417,49.1935451705444
289,CLARKSON ST,506795.1926,5450195.7096,INT964,-122.906714000516,49.2045183629963
290,LAWRENCE ST,504106.8024,5448501.3604,INT903,-122.943638147722,49.1893010883506
291,"MEMORIAL DR, MCBRIDE BLVD",507082.6406,5451369.15,INT14,-122.902747150725,49.2150705275819
292,ALLEN ST,508010.6187,5452632.8953,INT617,-122.889979729447,49.226426806878
293,"E TENTH AVE, LADNER ST",507229.2026,5453414.0065,INT667,-122.900697836348,49.233462814724
294,"SUZUKI ST, DAN LEE AVE",503605.6458,5447540.7019,INT72,-122.950524645869,49.1806628060635
295,MEMORIAL DR,507082.3344,5451368.8582,INT13,-122.902751360348,49.2150679063029
296,"QUAYSIDE DR, RELIANCE CRT",505940.7481,5449587.014,INT658,-122.918453005226,49.1990518467271
297,"EIGHTH AVE, NINETEENTH ST",503925.8889,5450140.6969,INT889,-122.946104988235,49.2040486042895
298,"BOYD ST, WESTMINSTER HWY",503609.6387,5448261.9884,INT933,-122.950463380803,49.1871509891399
299,BURR ST,505955.2232,5450299.2911,INT868,-122.918243748364,49.2054588457562
300,"SALTER ST, HENDRY PL",504459.0459,5448142.7999,INT97,-122.938807930132,49.186073262576
301,"EMORY ST, SECOND ST",506633.3367,5451081.754,INT433,-122.908921354292,49.2124903524061
302,"DEVOY ST, SCHOOL ST",507191.4313,5452715.1799,INT512,-122.901229204123,49.2271771448672
303,"EIGHTH AVE, SIXTEENTH ST",504322.9737,5450468.5318,INT734,-122.940650240346,49.2069949020137
304,MARINE WAY,503716.0673,5449614.4917,INT531,-122.948990308336,49.1993165403167
305,"SEVENTH AVE, SIXTH ST",505681.151,5451301.8535,INT151,-122.921992155858,49.2144797765164
306,"MCBRIDE BLVD, ROYAL AVE ONRAMP",507130.36,5451311.63,INT487,-122.902092931055,49.2145525662975
307,"ONTARIO ST, BLACKIE ST",506146.9573,5450102.9241,INT260,-122.915614536484,49.2036905752464
308,"SIXTH AVE, NINTH ST",505415.795,5450834.1475,INT829,-122.925642064265,49.2102750349826
309,"COLBY ST, HOLMES ST",507698.4182,5453664.7921,INT701,-122.894247767156,49.2357129697282
310,COLUMBIA ST,505776.23,5449742.39,INT837,-122.92070906276,49.2004510720275
311,"MILTON ST, BURR ST",505985.6444,5450262.474,INT867,-122.917826660316,49.2051273690574
312,HAMPTON ST,503843.1068,5448020.4397,INT908,-122.947261708627,49.1849767623152
313,"HAMILTON ST, NINETEENTH ST",503997.9392,5450056.9437,INT113,-122.945116708454,49.2032947539212
314,KWANTLEN CT,507371.1694,5451797.0331,INT502,-122.898777463442,49.2189160448872
315,TWENTY-SECOND ST,503218.6237,5450102.7296,INT784,-122.955814699505,49.2037111996223
316,"CHURCHILL AVE, CHILLIWACK ST",506969.8823,5452926.245,INT559,-122.904268398799,49.2290782891455
317,"THIRD AVE, TWELFTH ST",505468.1593,5450044.3109,INT123,-122.924933868303,49.2031697645866
318,"THIRD AVE, PEARCE ST",505867.5517,5450374.1803,INT870,-122.919446250553,49.2061333411289
319,"ROYAL AVE, BLACKIE ST",506177.9768,5450062.0781,INT830,-122.915189329455,49.2033228418223
320,"SIXTH ST, PRINCESS ST",505742.3316,5451227.7285,INT150,-122.921153146811,49.2138124315554
321,KNOX ST,507761.6235,5452860.2933,INT949,-122.893395098162,49.2284755139355
322,"MCBRIDE BLVD, PATTULLO ON-RAMP",507195.18,5451235.19,INT488,-122.901204258475,49.2138642102074
323,"HAMILTON ST, SIXTEENTH ST",504393.4019,5450382.8874,INT735,-122.939684274873,49.206224005111
324,"SUZUKI ST, RAMA AVE",503645.9921,5447477.8912,INT71,-122.949971598409,49.1800975645608
325,"SECOND ST, THIRD AVE",506665.83,5451032.4548,INT823,-122.908476026184,49.2120465400179
326,"TENTH AVE, THIRTEENTH ST",504414.0953,5451092.536,INT313,-122.939392378954,49.2126073467499
327,"RICHMOND ST, JAMIESON CT",507599.7355,5451558.16,INT635,-122.895643272262,49.2167645260968
328,"BUCHANAN AVE, CEDAR ST",507555.4813,5453062.9253,INT518,-122.896222612195,49.2303008160626
329,"NINTH AVE, TWENTY-SECOND ST",503252.2229,5450060.4366,INT783,-122.95535379197,49.2033305842407
330,ARCHER ST,507285.2162,5452601.795,INT563,-122.899943175875,49.2261561110697
331,LADNER ST,507345.9097,5453270.1605,INT516,-122.899097356001,49.2321674965757
332,"SIXTH AVE, MCMARTIN ST",505004.7964,5450496.7391,INT291,-122.931289206103,49.2072434456951
333,AGNES ST,507054.7674,5450637.5264,INT968,-122.903142739456,49.208489695928
334,"SEVENTH AVE, NINETEENTH ST",504068.1538,5449971.9095,INT114,-122.944153671593,49.202529384223
335,"RICHMOND ST, LADNER ST",507391.0392,5453223.3504,INT517,-122.898478325796,49.231745885422
336,SMOKEY SMITH PL,506537.5578,5451884.2903,INT419,-122.910223365845,49.2197104101649
337,"BLACKIE ST, MOODY ST",506214.6642,5450015.4893,INT369,-122.914686409878,49.2029033912244
338,"E SIXTH AVE, ALLISON PL",506982.56,5452168.92,INT495,-122.904107453991,49.2222658166518
339,"THIRTEENTH ST, DOWNIE ST",504452.8666,5451045.2062,INT312,-122.938860555983,49.2121813214573
340,PEARCE ST,505935.9862,5450291.3845,INT872,-122.918507960019,49.2053879102589
341,"SIXTH AVE, SIXTH ST",505802.4436,5451154.8658,INT149,-122.92032881463,49.21315644529
342,"QUEENS AVE, TWELFTH ST",505620.3404,5449876.3077,INT725,-122.922847100284,49.2016571502417
343,"LONDON ST, TWENTY-SECOND ST",503312.6006,5449991.5423,INT788,-122.954525501151,49.2027105362831
344,ALLISON PL,506935.4271,5452212.0929,INT623,-122.904753989894,49.2226547034391
345,"CHESTNUT ST, CHILLIWACK ST",507050.4514,5452826.3799,INT558,-122.903163536423,49.2281790556843
346,"FIFTH AVE, NINTH ST",505543.5417,5450679.9622,INT849,-122.923890254634,49.2088869525776
347,"AGNES ST, BLACKIE ST",506251.147,5449972.1445,INT132,-122.914186256992,49.202513121216
348,"SEVENTH AVE, SIXTEENTH ST",504463.8069,5450297.9634,INT736,-122.938718649923,49.2054595804142
349,"LONDON ST, THIRTEENTH ST",504481.9191,5451010.2454,INT283,-122.938462045404,49.2118666274698
350,KNOX ST,507745.3658,5452858.5828,INT948,-122.893618428214,49.2284603334222
351,"BOYD ST, TANAKA CRT",503568.6863,5448267.0606,INT932,-122.951025342894,49.1871968548859
352,FENTON ST,504763.8179,5448531.9652,INT920,-122.934620894602,49.1895716358995
353,HENDRY PL,504522.1365,5448043.5105,INT802,-122.937943247027,49.1851796606274
354,"RICHMOND ST, SHILES ST",507379.086,5452491.2712,INT339,-122.898655981969,49.2251607980949
355,"CARNARVON ST, BLACKIE ST",506324.92,5449892.0891,INT452,-122.913174786818,49.2017922428586
356,"E COLUMBIA ST, SHERBROOKE ST",507803.748,5452795.4034,INT760,-122.892817787263,49.2278912781151
357,"NINTH ST, NAPANEE ST",505578.4371,5450637.4947,INT875,-122.923411750706,49.2085046287785
358,MCBRIDE BLVD,507298.4826,5451109.1257,INT602,-122.899788123308,49.2127290060691
359,"BLACKIE ST, VICTORIA ST",506285.354,5449930.7918,INT131,-122.913717321972,49.2021407918783
360,"DUBLIN ST, TWENTY-SECOND ST",503371.4662,5449921.6028,INT782,-122.953717997255,49.2020810887598
361,BOYNE ST,504108.684,5449183.9966,INT84,-122.943605345036,49.195441600566
362,"SIXTH ST, BELMONT ST",505867.179,5451076.5719,INT148,-122.919441102375,49.2124515536855
363,DAWE ST,503263.0701,5447836.5418,INT62,-122.955222941978,49.1833259013006
364,"AUCKLAND ST, TWELFTH ST",505686.7395,5449794.9498,INT254,-122.921936763238,49.2009246996541
365,"SOUTH DYKE RD, SUZUKI ST",503690.3042,5447408.0961,INT915,-122.94936421164,49.1794694695167
366,"CLARKSON ST, CHURCH ST",506768.7604,5450172.7867,INT728,-122.907077253833,49.2043124574846
367,MARINE WAY,503768.93,5449520.14,INT578,-122.948265558473,49.1984674955968
368,"E EIGHTH AVE, CHILLIWACK ST",507108.7846,5452754.2321,INT564,-122.902363622254,49.227529394035
369,TWELFTH ST,505697.1576,5449782.8477,INT255,-122.921793923278,49.2008157409682
370,"EWEN AVE, LAWRENCE ST",504195.2924,5448361.7871,INT359,-122.94242516637,49.1880449833153
371,"NANAIMO ST, SIXTEENTH ST",504524.9457,5450223.7667,INT726,-122.937880142804,49.20479171122
372,"E ROYAL AVE, MCBRIDE BLVD, ROYAL AVE",507360.7343,5451040.3732,INT17,-122.898934637957,49.2121098140713
373,"THIRTEENTH ST, DUBLIN ST",504546.0719,5450932.7169,INT284,-122.937582088754,49.2111687642851
374,"ST. ANDREWS ST, NINTH ST",505613.7694,5450594.816,INT848,-122.922927258812,49.2081203991695
375,"QUEENS AVE, SECOND ST",506810.1481,5450858.4075,INT436,-122.906497448014,49.2104793498581
376,"COLUMBIA ST, BLACKIE ST",506408.7652,5449798.312,INT820,-122.912025301242,49.2009478196556
377,"FIFTH AVE, MCMARTIN ST",505132.4742,5450341.1546,INT294,-122.929538309094,49.2058428625521
378,"EDINBURGH ST, TWENTY-SECOND ST",503429.9643,5449851.4779,INT129,-122.952915560251,49.2014499698569
379,"COLUMBIA ST, CHURCH ST",506805.9658,5450126.5618,INT605,-122.906567275601,49.2038962393061
380,"E TENTH AVE, CUMBERLAND ST",506396.4861,5452726.276,INT671,-122.912147196836,49.2272857763808
381,"NINTH ST, BELLEVILLE ST",505648.7335,5450552.1173,INT360,-122.922447829766,49.2077359909948
382,RELIANCE CRT,505935.7752,5449534.6366,INT862,-122.918522040718,49.1985807446837
383,CLARKSON ST,507162.1589,5450499.2981,INT971,-122.901670793665,49.2072450482196
384,"TENTH AVE, TENTH ST",504794.4565,5451405.7909,INT384,-122.934166100913,49.2154223025236
385,"FIFTH AVE, SIXTH ST",505931.7416,5450998.5061,INT147,-122.918555784571,49.2117487086811
386,"PATTULLO ON-RAMP, LOOP, MCBRIDE BLVD",507312.5516,5451078.6574,INT813,-122.899595504157,49.2124547677398
387,"EWEN AVE, DAWE ST",503296.2298,5447788.691,INT63,-122.954768304727,49.1828952903967
388,"SIXTH AVE, SIXTEENTH ST",504585.4219,5450150.4149,INT727,-122.937050744871,49.2041314409497
389,"E COLUMBIA ST, MCBRIDE BLVD, COLUMBIA ST",507454.4932,5450931.4873,INT815,-122.897649320851,49.2111292223853
390,"EDINBURGH ST, THIRTEENTH ST",504617.388,5450846.4758,INT285,-122.936603905879,49.2103924680955
391,"FOURTH AVE, NINTH ST",505683.4608,5450509.95,INT361,-122.92197165166,49.2073563630981
392,MCBRIDE BLVD,507433.1234,5450951.8898,INT814,-122.897942351328,49.2113130080233
393,"EIGHTH AVE, TWENTY-SECOND ST",503488.62,5449781.1778,INT130,-122.952110981781,49.2008172684429
394,SEYMOUR CRT,507280.899,5451832.4036,INT638,-122.900016432837,49.2192352913216
395,"SIXTH ST, BRANTFORD ST",505978.7347,5450941.5363,INT146,-122.917911407381,49.2112357928597
396,KELLY ST,507907.2499,5453393.9535,INT902,-122.891384418662,49.2332740517241
397,"SECOND ST, CLINTON PL",506900.5181,5450748.186,INT439,-122.905258574613,49.209486866066
398,"RICKMAN PL, CUMBERLAND ST",506453.8482,5452655.0597,INT573,-122.911360501639,49.2266445660912
399,"MAYES ST, SIXTEENTH ST",504640.0376,5450084.902,INT21,-122.936301731017,49.2035417222493
400,"LONDON ST, TENTH ST",504862.0667,5451323.3829,INT165,-122.933238727081,49.2146804871743
401,"ROYAL AVE, PARK ROW, SECOND ST",506942.6359,5450703.0128,INT476,-122.90468109564,49.2090800449044
402,"GARRETT ST, BRAID ST",508092.1247,5453204.6652,INT765,-122.888848766244,49.2315689433112
403,"JACK MAHONY PL, PARK CR, SEVENTH AVE",506443.1258,5451930.4643,INT227,-122.911519404714,49.2201267579337
404,"HAMILTON ST, TWENTY-SECOND ST",503548.235,5449709.9642,INT795,-122.951293263566,49.2001763386025
405,"EIGHTH AVE, THIRTEENTH ST",504683.6566,5450765.9436,INT119,-122.935694987371,49.2096675552997
406,"GLOVER AVE, COLBORNE ST",506059.6681,5452311.1242,INT242,-122.916779504074,49.223554806017
407,"KENNEDY ST, NINTH ST",505754.5894,5450424.1832,INT873,-122.920996355837,49.2065842025881
408,"BRUNETTE AVE, KEARY ST, SPRUCE ST ONRAMP",508054.9065,5452506.5001,INT620,-122.889374006781,49.2252892700453
409,"HARVEY ST, CUMBERLAND ST",507114.47,5451983.46,INT622,-122.902299205608,49.2205960383443
410,"FOURTH AVE, MCPHADEN ST",505273.9725,5450170.7061,INT258,-122.92759797557,49.2043084278202
411,"ROYAL AVE, SECOND ST",506933.049,5450702.168,INT477,-122.90481273336,49.2090725542377
412,"KINGSTON ST, THIRTEENTH ST",504718.8895,5450723.265,INT120,-122.935211753604,49.2092833789119
413,"DUBLIN ST, TENTH ST",504930.0325,5451241.4915,INT164,-122.93230649197,49.2139433083939
414,"FOURTH AVE, SIXTH ST",506071.3395,5450829.2716,INT145,-122.916641634002,49.2102250301969
415,"SEVENTH AVE, TWENTY-SECOND ST",503606.7507,5449640.2022,INT685,-122.950490643376,49.1995484669558
416,FIFTH AVE,504712.614,5449995.5688,INT771,-122.935306453739,49.2027375902228
417,"MINER ST, STRAND AVE",507586.6581,5452234.2482,INT346,-122.89581006239,49.2228462755588
418,"DEBECK ST, SAPPER ST",507682.1329,5452138.8359,INT355,-122.894500706588,49.2219868277197
419,E SIXTH AVE,507095.95,5452725.13,INT335,-122.90254041509,49.2272677623028
420,SALTER ST,505504.4895,5449202.9744,INT2,-122.924446661838,49.1956013681873
421,TWENTY-SECOND ST,503614.77,5449630.4,INT47,-122.950380651831,49.1994602459818
422,"COLUMBIA ST, FRONT ST",506386.0293,5449779.4642,INT821,-122.912337701821,49.2007785154991
423,JARDINE ST,503645.8453,5448136.0177,INT912,-122.949967644833,49.1860176280911
424,"HAMILTON ST, THIRTEENTH ST",504754.0815,5450680.6358,INT121,-122.934729088274,49.2088996451643
425,"MCBRIDE BLVD, TENTH AVE",505976.0105,5452379.9327,INT583,-122.917927390029,49.2241745781243
426,"E COLUMBIA ST, HOULT ST",507815.8713,5453461.5583,INT877,-122.892638293334,49.2338833461123
427,"THIRD AVE, NINTH ST",505824.3807,5450338.9319,INT871,-122.920039442134,49.2058166835356
428,"MARINE WAY, HIGHWAY 91A",503766.1396,5449473.7579,INT773,-122.948304295884,49.1980502917343
429,"TWELFTH ST, STEWARDSON WAY, COLUMBIA ST",505663.0087,5449786.4431,INT838,-122.922262641241,49.2008483990971
430,"RICHMOND ST, SIMPSON ST",507378.2563,5452436.3384,INT343,-122.898668387439,49.2246666738119
431,CUNNINGHAM ST,506977.4605,5450645.2066,INT966,-122.904203976696,49.2085596665834
432,"CLUTE ST, COLBORNE ST",506152.149,5452200.3063,INT243,-122.915511117864,49.2225570485019
433,"MARINE WAY, TWENTY-SECOND ST",503649.0305,5449588.9811,INT48,-122.949910740071,49.1990874675177
434,SHERBROOKE ST,507744.5834,5452796.5418,INT882,-122.893630372405,49.2279022694074
435,"SMOKEY SMITH PL, PARK CR",506497.878,5451851.0954,INT420,-122.910768803275,49.2194122355592
436,"EDINBURGH ST, TENTH ST",504997.051,5451160.5462,INT163,-122.931387279827,49.2132146401653
437,MCPHADEN ST,505361.5561,5450064.772,INT256,-122.926397027791,49.2033547599474
438,"CUMBERLAND ST, COURTNEY CR",506588.8553,5452487.964,INT624,-122.909509012281,49.2251400605678
439,"BLACKFORD ST, SIXTH ST",506141.725,5450743.7741,INT211,-122.915676563205,49.2094552549595
440,LAWRENCE ST,504294.2038,5448207.0795,INT929,-122.941069391871,49.1866526545431
441,"AGNES ST, ELLIOT ST",507012.1949,5450602.4468,INT141,-122.903727843349,49.2081746338319
442,"E TENTH AVE, SURREY ST",507170.4845,5453365.7627,INT666,-122.901505264632,49.2330295407681
443,"THIRD AVE, ANTHONY CT",506618.8505,5450994.4099,INT445,-122.909121696176,49.2117048250432
444,"COLBORNE ST, OVENS AVE",506194.8502,5452148.0643,INT478,-122.914925499798,49.2220866878087
445,"ROUSSEAU ST, MAJOR ST",508276.2225,5452988.6392,INT767,-122.88632451244,49.2296232773657
446,"SEVENTH AVE, THIRTEENTH ST",504825.143,5450594.5036,INT289,-122.933754488974,49.2081243061373
447,HIGHWAY 91A,503675.9,5449551.11,INT938,-122.949542256373,49.198746645017
448,"E SIXTH AVE, DIXON ST",506951.1907,5452117.6429,INT496,-122.904539141124,49.2218049228111
449,"HOLMES ST, E TENTH AVE, GARFIELD ST",507596.4098,5453664.2973,INT702,-122.895649051038,49.2357097931394
450,FRONT ST,506395.309,5449751.1373,INT654,-122.912210768706,49.2005236100206
451,STAR CR,505465.9789,5449219.6182,INT800,-122.924975022436,49.1957514287639
452,"ELLIOT ST, DICKENSON ST",507047.0448,5450559.9846,INT969,-122.903250126459,49.2077922747631
453,"EIGHTH AVE, TENTH ST",505063.924,5451079.626,INT162,-122.930470092163,49.2124861915255
454,"SALTER ST, DERWENT WAY",504834.762,5448385.162,INT79,-122.933649017369,49.1882505396726
455,"MILTON ST, NINTH ST",505927.5872,5450214.5899,INT869,-122.918624398937,49.2046972021395
456,"THIRD AVE, SIXTH ST",506212.41,5450658.1,INT209,-122.914707413155,49.2086838799697
457,"LONDON ST, HILL ST",504436.7512,5450972.6826,INT309,-122.939082627618,49.2115290683031
458,"NANAIMO ST, THIRTEENTH ST",504886.7434,5450521.1157,INT306,-122.93290965656,49.2074636729314
459,"ELLIOT ST, CARNARVON ST",507085.3213,5450513.5792,INT970,-122.902725442676,49.2073744039059
460,ANTHONY CT,506687.3947,5450911.3555,INT446,-122.908181953785,49.210956983682
461,"E EIGHTH AVE, CUMBERLAND ST",506664.0681,5452395.0204,INT332,-122.908477589163,49.224303195564
462,"EIGHTH AVE, COLBORNE ST, PARK CR",506264.1013,5452064.3749,INT596,-122.913975775291,49.2213331756398
463,"EWEN AVE, PEMBINA ST",504597.2622,5448617.108,INT106,-122.936905746003,49.1903387934101
464,"TENTH ST, KINGSTON ST",505099.2182,5451037.0028,INT382,-122.929986029083,49.2121024913018
465,"CUMBERLAND ST, BETH ST",507033.8382,5452023.1819,INT494,-122.903405798897,49.2209542783081
466,"E EIGHTH AVE, BLAIR AVE",507470.925,5453046.7958,INT530,-122.897384323428,49.2301567648278
467,"SIXTH AVE, PARK CR",506553.027,5451772.9788,INT418,-122.910012754103,49.2187089687541
468,E COLUMBIA ST,507801.7642,5452715.03,INT32,-122.892846597594,49.2271683250142
469,"BUCHANAN AVE, WARD ST",507553.9719,5452962.2817,INT757,-122.896245240172,49.2293955211699
470,"QUEENS AVE, NINTH ST",505968.937,5450164.2748,INT847,-122.918057485608,49.2042442020464
471,"LANCASTER ST, SIXTH ST",506247.4933,5450615.6835,INT210,-122.914226401517,49.2083019750007
472,NOOTKA ST,507681.808,5453563.8058,INT878,-122.894477874104,49.2348047830969
473,"EWEN AVE, JARDINE ST",503701.746,5448046.9906,INT910,-122.949201333191,49.185216465764
474,"CLARKSON ST, ELLIOT ST",507124.0528,5450466.8053,INT852,-122.902194527629,49.2069532105908
475,"SIXTH ST, WELSH ST",506261.9041,5450598.2419,INT709,-122.914028823837,49.2081449358308
476,ELLIOT ST,507130.243,5450459.3397,INT972,-122.90210967564,49.2068859834412
477,"TENTH ST, HAMILTON ST",505134.7415,5450993.8541,INT383,-122.929498834624,49.2117140600888
478,NINETEENTH ST,504184.8607,5449752.1316,INT686,-122.942553846956,49.2005516311445
479,"DUBLIN ST, HILL ST",504500.726,5450895.5307,INT308,-122.938205107928,49.2108345987343
480,SURREY ST,507286.9824,5453222.4071,INT883,-122.899907641745,49.2317386474593
481,"ROYAL AVE, LEOPOLD PL",507315.1246,5451002.909,INT239,-122.899561556218,49.2117733596801
482,"ST. GEORGE ST, SIXTH ST",506282.3663,5450573.4138,INT207,-122.913748282233,49.2079213906705
483,"SIXTH AVE, THIRTEENTH ST",504945.9043,5450447.9405,INT292,-122.932098335581,49.2068049664709
484,MCNEELY ST,506342.9251,5449781.8051,INT214,-122.912929364088,49.2008000201415
485,"ARCHER ST, SHILES ST",507283.4051,5452492.9287,INT341,-122.899970026711,49.2251768530958
486,"COLUMBIA ST, MCNEELY ST, FRONT ST",506361.946,5449761.6574,INT213,-122.912668579723,49.2006185885766
487,"QUEENS AVE, PEELE ST",506762.9684,5450820.4845,INT440,-122.907145857849,49.2101387445797
488,EWEN AVE,505479.7781,5449181.5568,INT282,-122.924786136549,49.1954089317725
489,"BOYD ST, BOYNE ST",504270.702,5448929.3184,INT85,-122.941384239097,49.1931495846167
490,"E DURHAM ST, CUMBERLAND ST",506733.3658,5452309.5219,INT349,-122.907527310723,49.2235333568796
491,"RIVER DR, NINETEENTH ST",504211.1452,5449718.21,INT539,-122.942193391872,49.2002463162252
492,"BOYD ST, BOYNE ST",504280.0346,5448917.1052,INT104,-122.941256278497,49.1930396580267
493,"LIVERPOOL ST, SIXTH ST, ROBSON AVE",506316.2844,5450532.3825,INT458,-122.91328326068,49.2075519539393
494,"MARINE WAY, HIGHWAY 91A",503704.611,5449490.1128,INT577,-122.949148713589,49.1981977839335
495,"WESTMINSTER HWY, BOUNDARY RD",503116.8058,5447885.6899,INT922,-122.957229653329,49.1837687652337
496,"FOURTH AVE, OLIVER ST",506441.4814,5451135.1915,INT448,-122.911554751495,49.2129730843473
497,"TENTH ST, SEVENTH AVE",505206.4057,5450907.1655,INT381,-122.92851599403,49.2109336672294
498,"SALTER ST, DAWE ST",503479.9509,5447519.1682,INT64,-122.952249571074,49.1804698293042
499,"FOURTH AVE, GILLEY ST",505639.1003,5450472.1784,INT363,-122.922581207756,49.2070170066481
500,"ELMER ST, RICHMOND ST, SURREY ST",507388.9234,5453104.9454,INT515,-122.898509569746,49.2306808295332
501,"SALTER ST, VISCOUNT PL",504372.0897,5448086.6018,INT96,-122.940001851949,49.1855683687425
502,"HAMILTON ST, BELYEA ST",504323.3862,5450325.8537,INT741,-122.940646113394,49.2057114684323
503,"QUEENS AVE, SIXTH ST",506356.1227,5450484.0844,INT208,-122.912737082927,49.2071170870278
504,WOOD ST,503973.4167,5449213.804,INT943,-122.94546169073,49.1957106188718
505,"PEELE ST, MANITOBA ST",506827.4113,5450742.6754,INT183,-122.906262394794,49.20943811561
506,"LEOPOLD PL, BUSHBY ST",507394.8659,5450904.9979,INT240,-122.898468494189,49.2108916655559
507,"MARINE WAY, HIGHWAY 91A",503726.3565,5449459.0685,INT772,-122.948850512404,49.1979183992562
508,E COLUMBIA ST,507802.0741,5452688.6362,INT31,-122.89284285471,49.2269309023638
509,"E COLUMBIA ST, CUMBERLAND ST",507789.5485,5451969.8308,INT947,-122.89302884425,49.2204652272001
510,"E SEVENTH AVE, CUMBERLAND ST",506802.9489,5452223.7842,INT351,-122.906573146382,49.2227613554574
511,"CLINTON PL, PEELE ST",506854.7905,5450709.6575,INT438,-122.905887053697,49.2091408047983
512,SIXTH ST,506412.1706,5450418.8538,INT960,-122.911968646523,49.2065297354974
513,BENT CT,505983.9653,5450846.7552,INT691,-122.917841003661,49.210383159542
514,OLIVER ST,506509.2434,5451051.8681,INT447,-122.910625692605,49.2122228514926
515,"TENTH ST, NANAIMO ST",505271.2766,5450828.0494,INT380,-122.927626355477,49.2102214411525
516,"FIFTH AVE, THIRTEENTH ST",505073.9207,5450292.8811,INT295,-122.930342776081,49.2054091161056
517,"SEVENTH AVE, BELYEA ST",504393.8967,5450240.2503,INT740,-122.939679042677,49.2049409395496
518,"ROYAL AVE, PEELE ST",506889.2645,5450666.7167,INT319,-122.905414479935,49.2087541537945
519,"EWEN AVE, HUME ST",503232.9284,5447748.4373,INT60,-122.955637265874,49.1825335321079
520,SIXTH ST,506447.4113,5450377.3975,INT831,-122.911485500558,49.2061564546188
521,SALTER ST,504805.3274,5448366.925,INT931,-122.934053187706,49.1880867234596
522,"DERWENT WAY, SOUTH DYKE RD",504871.0848,5448300.6654,INT58,-122.933151557302,49.1874901785915
523,"TENTH AVE, SEVENTEENTH ST",503934.5495,5450697.444,INT832,-122.945980639214,49.2090566498232
524,MARINE WAY,503685.9801,5449485.0099,INT576,-122.94940449707,49.1981519941134
525,"CHURCHILL AVE, SCOTT ST",506886.0723,5452858.8158,INT567,-122.90542068851,49.2284726951206
526,"EIGHTH AVE, BOWLER ST",503834.3886,5450065.4245,INT890,-122.947361832012,49.2033720862323
527,"FADER ST, BRAID ST",507998.2901,5453206.6093,INT764,-122.890137611621,49.2315876638921
528,COLUMBIA ST,507144.8483,5450406.4512,INT604,-122.901910102483,49.2064100664843
529,"THIRTEENTH ST, CARIBOO ST",505113.0351,5450245.9105,INT117,-122.929806393273,49.20498627693
530,VICTORIA ST,506216.2751,5449873.2004,INT259,-122.914666498109,49.2016234450059
531,STANLEY ST,504738.8083,5449158.9137,INT236,-122.934956735276,49.1952114254103
532,AGNES ST,506976.4327,5450573.2626,INT140,-122.904219337811,49.2079125220199
533,"SIXTH AVE, TENTH ST",505326.8955,5450760.7514,INT379,-122.926863611971,49.209615595777
534,"ROYAL AVE, SIXTH ST",506488.2434,5450326.383,INT465,-122.910925754395,49.2056971338103
535,"CAMERON ST, THIRTEENTH ST",505144.9567,5450206.1428,INT118,-122.929368671783,49.20462828783
536,"E SIXTH AVE, CUMBERLAND ST",506924.5632,5452079.1844,INT493,-122.904905480436,49.2214592803327
537,"THIRD AVE, GILLEY ST",505779.3724,5450301.5098,INT45,-122.920657880786,49.2054804871504
538,CARNARVON ST,506250.3552,5449830.829,INT676,-122.914199325733,49.2012419553539
539,BENT CT,505972.6075,5450837.3532,INT134,-122.917997084358,49.2102986967524
540,"EWEN AVE, BROOKES ST",505470.1873,5449148.1009,INT10,-122.924918232495,49.1951080714664
541,"TENTH ST, BOLE ST",505360.8087,5450718.4352,INT248,-122.926398561198,49.2092346539094
542,"LONDON ST, SEVENTEENTH ST",504002.7574,5450614.3181,INT751,-122.945045008687,49.2083084668667
543,"THIRTEENTH ST, KAMLOOPS ST",505176.2183,5450168.7586,INT271,-122.928939986473,49.2042917428994
544,"FAIRWEATHER LANE, STAR CR",505387.8632,5449225.54,INT88,-122.926047143189,49.1958053886395
545,"EDWORTHY WAY, SPRUCE ST",508162.8759,5452293.5644,INT546,-122.887895492331,49.2233724310481
546,"MINER ST, DEBECK ST",507585.8294,5452140.3424,INT354,-122.895823218808,49.2220015793676
547,"CHESTNUT ST, SCOTT ST",506966.4404,5452759.0616,INT566,-122.904318577422,49.2275744724405
548,"CUNNINGHAM ST, SIXTH ST",506528.4938,5450274.4705,INT464,-122.910374019018,49.2052297386903
549,VISCOUNT PL,504442.1139,5447976.9789,INT803,-122.939042122344,49.1845817723059
550,"FOURTH AVE, THIRTEENTH ST",505217.2347,5450122.7463,INT951,-122.92837750452,49.2038775011371
551,"E COLUMBIA ST, FRONT ST",507680.13,5451312,INT946,-122.894544037661,49.2145492494215
552,"FOURTH AVE, BENT CT",506016.4981,5450784.0944,INT133,-122.91739527249,49.2098191896472
553,"HIGHWAY 91A, BOUNDARY RD",503116.2826,5447839.6466,INT923,-122.957237189821,49.1833545933756
554,COLBORNE ST,506241.8962,5452018.9101,INT640,-122.914281422494,49.2209244346248
555,DERWENT WAY,504891.77,5448255.23,INT59,-122.932868236631,49.1870813081096
556,"TENTH ST, HOWAY ST",505418.3409,5450648.5492,INT251,-122.925609614411,49.2086055036317
557,"AGNES ST, SIXTH ST",506563.7938,5450232.6809,INT277,-122.909890089077,49.2048534523081
558,"THIRTEENTH ST, FOURTH AVE",505213.9937,5450121.679,INT269,-122.928422010973,49.2038679280445
559,"DUBLIN ST, SEVENTEENTH ST",504069.9281,5450533.5448,INT749,-122.944123622335,49.2075814454461
560,"SEVENTH AVE, BOWLER ST",503975.2317,5449895.5291,INT776,-122.945430032164,49.2018429296505
561,MOTT CR,506585.7609,5452398.0637,INT480,-122.909552986538,49.2243314178785
562,"FIFTH AVE, TENTH ST",505453.8168,5450606.6124,INT378,-122.925123122894,49.2082279555619
563,"WILSON ST, MAJOR ST",508182.49,5452990.43,INT543,-122.887611906971,49.2296406457437
564,"VICTORIA ST, SIXTH ST",506599.8665,5450189.5507,INT730,-122.909395580727,49.2044650964785
565,"E EIGHTH AVE, SCOTT ST",507025.0006,5452686.6525,INT565,-122.903515544709,49.2269224656553
566,BENT CT,505960.3298,5450827.1899,INT415,-122.918165805867,49.2102073945939
567,"ROYAL AVE, LOOP, BUSHBY ST",507276.2734,5450970.6358,INT695,-122.900095576804,49.2114835160944
568,"QUEENS AVE, MCINNES ST",505926.4556,5450128.5219,INT846,-122.918641204014,49.2039230066833
569,"HIGHWAY 91A, BOUNDARY RD",503116.1388,5447825.439,INT924,-122.957239273216,49.1832267920994
570,"RICHMOND ST, ALBERTA ST",507376.6655,5452331.0068,INT342,-122.89869217212,49.2237192087607
571,"E COLUMBIA ST, HOSPITAL ST",507801.16,5452635.3271,INT348,-122.892856446209,49.2264513855543
572,"MCPHADEN ST, THIRTEENTH ST, STEWARDSON WAY",505304.7086,5450016.8901,INT257,-122.927178057077,49.2029245429784
573,"NAPANEE ST, TENTH ST",505488.7348,5450563.2012,INT377,-122.924644318429,49.2078371477735
574,"SPRUCE ST ONRAMP, SPRUCE ST",508016.1236,5452418.4368,INT824,-122.889908409511,49.2244976277127
575,"CARNARVON ST, SIXTH ST",506634.3789,5450147.1598,INT853,-122.908922487853,49.2040834056167
576,"EDINBURGH ST, SEVENTEENTH ST",504137.0687,5450451.7628,INT748,-122.943202686631,49.2068453432497
577,HIGHWAY 91A,503101.3,5447834.73,INT936,-122.957442824599,49.1833104428943
578,"THIRD AVE, STEWARDSON WAY",505361.3757,5449955.5005,INT297,-122.926400963026,49.2023718325456
579,SPRUCE ST,508209.9435,5452220.0805,INT547,-122.887250596625,49.2227107958955
580,"E TENTH AVE, BURNABY ST",507111.8929,5453317.3014,INT551,-122.902310945051,49.2325943031932
581,"BEACH ST, STANLEY ST",504816.9224,5449036.9089,INT80,-122.933886031198,49.1941133461776
582,"ST. ANDREWS ST, TENTH ST",505523.29,5450521.4,INT376,-122.924170480256,49.2074608236544
583,"CLARKSON ST, SIXTH ST",506676.6858,5450096.1188,INT463,-122.908342543251,49.2036238178106
584,TOWNSEND PL,506630.211,5450869.5803,INT442,-122.908967775904,49.2105818257039
585,TOWNSEND PL,506609.4634,5450890.0027,INT443,-122.909252302043,49.2107657549628
586,"SALTER ST, PEMBINA ST",504769.3855,5448345.4659,INT801,-122.934546697404,49.1878939726626
587,"BELLEVILLE ST, TENTH ST",505559.1357,5450478.0739,INT375,-122.923678953199,49.2070707689562
588,"SEVENTH AVE, COLBORNE ST",506363.3889,5451865.102,INT226,-122.912615431535,49.2195396404795
589,HIGHWAY 91A,503102.09,5447820.84,INT935,-122.957432091102,49.1831854938069
590,"EIGHTH AVE, SEVENTEENTH ST",504204.2343,5450370.5291,INT747,-122.942281429308,49.2061141655722
591,"COLUMBIA ST, SIXTH ST",506714.4301,5450050.8902,INT461,-122.907825146868,49.2032165612672
592,"ONTARIO ST, MCINNES ST",506028.3172,5450005.9693,INT261,-122.917244681966,49.2028196172349
593,"SALTER ST, JARDINE ST",503875.6457,5447775.4236,INT100,-122.946817545072,49.18277255819
594,"SIXTH AVE, THIRD ST",506096.8105,5451398.43,INT175,-122.916283277306,49.2153445128477
595,"PATTULLO ON-RAMP, PATTULLO BRIDGE DECK",507260.9375,5450964.2862,INT610,-122.900306255734,49.2114265816438
596,"TENTH AVE, FOURTEENTH ST",504301.557,5451000.015,INT314,-122.940938573762,49.2117758949345
597,"ROYAL AVE, PATTULLO BRIDGE DECK",507263.0059,5450959.7536,INT609,-122.90027793835,49.2113857851604
598,"BUCHANAN AVE, KNOX ST",507551.9452,5452861.7701,INT758,-122.896274969848,49.2284914198816
599,"DEVOY ST, SHILES ST",507187.61,5452494.74,INT337,-122.901285637986,49.2251942779592
600,"FOURTH AVE, TENTH ST",505594.4956,5450435.372,INT362,-122.923194094639,49.2066863314354
601,"SIXTH AVE, SEVENTH ST",505693.8356,5451064.7952,INT166,-122.921821346693,49.212347254425
602,JAMIESON CT,507555.3183,5451394.6947,INT634,-122.896256269004,49.2152946620723
603,"FRONT ST, SIXTH ST",506761.6737,5449996.0011,INT462,-122.907177517679,49.2027222986875
604,FOUNDRY ROW,505382.9053,5449182.7713,INT904,-122.926115767392,49.1954207147913
605,"ROYAL AVE, MCINNES ST",506063.9642,5449961.5776,INT368,-122.916755999148,49.2024199493889
606,"DOWNIE ST, FOURTEENTH ST",504340.4861,5450952.3866,INT311,-122.940404583026,49.211347189589
607,"FAIRWEATHER LANE, FURNESS ST",505286.8941,5449274.8519,INT950,-122.92743237711,49.196249843136
608,"BURNABY ST, CHURCHILL AVE",507211.1442,5453194.59,INT552,-122.900949836894,49.2314893238313
609,ROBSON AVE,506262.284,5450490.5357,INT459,-122.914025287985,49.2071760843991
610,"TENTH ST, AUGUSTA ST",505629.6322,5450392.6418,INT374,-122.922712309614,49.2063016393422
611,"BETH ST, GLENBROOKE DR",506994.9239,5451948.0816,INT625,-122.903941509202,49.2202791773426
612,"REGINA ST, THIRD ST",506161.4317,5451320.3203,INT173,-122.915397148726,49.2146412485086
613,"SALTER ST, BROOKES ST",505573.9332,5448985.3073,INT1,-122.92349651428,49.1936427590808
614,"QUAYSIDE DR, LAGUNA CRT",505589.2654,5449699.4163,INT659,-122.923276141673,49.200066244276
615,BURNABY ST,507227.525,5453174.6067,INT555,-122.900725195572,49.2313093760995
616,"MOODY ST, MCINNES ST",506099.2459,5449919.7542,INT367,-122.916272299869,49.2020433856915
617,"LONDON ST, FOURTEENTH ST",504369.74,5450917.55,INT310,-122.940003302762,49.2110336166592
618,"BLACKLEY ST, STANLEY ST",504884.208,5448941.1546,INT81,-122.93296367704,49.1932514745162
619,"TENTH AVE, TWENTIETH ST",503492.6998,5450332.635,INT112,-122.9520501816,49.2057777653795
620,ARCHER ST,507281.9974,5452386.1783,INT340,-122.899991297886,49.2242166232047
621,"BELMONT ST, SEVENTH ST",505758.1847,5450987.3339,INT167,-122.920938919709,49.211649867286
622,"TENTH ST, CORNWALL ST",505664.6956,5450350.1536,INT373,-122.922231533583,49.2059191227531
623,SHERBROOKE ST,507596.8956,5452800.713,INT759,-122.895658739324,49.227941640355
624,"AGNES ST, MCINNES ST",506134.0103,5449877.4965,INT276,-122.915795715765,49.2016629184702
625,"SIXTH AVE, COLBORNE ST",506485.3901,5451717.3511,INT229,-122.910942453035,49.218209302756
626,"E TENTH AVE, AMESS ST",507496.7084,5453626.6082,INT521,-122.897019339387,49.235371999909
627,"SALTER ST, HUME ST",503416.3875,5447479.6452,INT61,-122.953122096907,49.1801146641545
628,"SOUTH DYKE RD, PEMBINA ST",504827.7817,5448242.2828,INT891,-122.933746529161,49.1869653510198
629,"TWENTIETH ST, NINTH AVE",503528.5131,5450288.1831,INT111,-122.951558906533,49.2053777024372
630,"TENTH ST, OXFORD ST",505699.6614,5450307.8424,INT372,-122.921752102358,49.2055381972146
631,"FIFTH AVE, THIRD ST",506225.2975,5451242.7248,INT177,-122.914521409576,49.2139426103442
632,"MCINNES ST, VICTORIA ST",506170.6468,5449835.2402,INT275,-122.91529344003,49.2012824430105
633,"DUBLIN ST, FOURTEENTH ST",504434.9255,5450838.0549,INT315,-122.939109182103,49.2103180675169
634,"E COLUMBIA ST, E EIGHTH AVE",507812.13,5453303.46,INT879,-122.892692765582,49.232461262414
635,"LONDON ST, TWENTIETH ST",503560.6581,5450249.8151,INT723,-122.951117945175,49.2050323851613
636,"FIFTH AVE, SEVENTH ST",505822.1067,5450910.3262,INT168,-122.920062375051,49.2109565576501
637,"THIRD AVE, TENTH ST",505735.4617,5450265.0004,INT46,-122.921261229731,49.2051524871573
638,"CARNARVON ST, MCINNIS OVERPASS",506205.9909,5449794.2421,INT364,-122.914808893615,49.2009132963086
639,"SAPPER ST, CUMBERLAND ST",507679.7811,5451972.0346,INT357,-122.89453619683,49.2204864370228
640,"ELGIN ST, THIRD ST",506260.108,5451200.5296,INT178,-122.914044090692,49.2135626983635
641,"KELLY ST, BRAID ST",507904.4026,5453207.9943,INT763,-122.891427195635,49.2316013415398
642,"SOUTH DYKE RD, BOUNDARY RD",503110.0234,5447043.882,INT921,-122.957329235263,49.1761964580249
643,"ROYAL AVE ONRAMP, MCBRIDE OFF-RAMP, ROYAL OFF-RAMP",507220.2303,5450968.9357,INT485,-122.900865087093,49.211468886199
644,"HAMILTON ST, CURNEW ST",504261.5665,5450274.639,INT744,-122.94149535219,49.2052512103488
645,"BURNABY ST, CARNEGIE ST",507322.2312,5453057.8091,INT554,-122.899426478525,49.2302576282834
646,"BRAID ST, CANFOR AVE",508841.1099,5452999.2404,INT541,-122.878565460728,49.2297107421618
647,"TWENTIETH ST, LONDON ST",503586.9326,5450217.9981,INT722,-122.950757523285,49.2047460287312
648,"ROYAL AVE, ROYAL OFF-RAMP",507243.0221,5450943.3625,INT486,-122.900552613962,49.211238579312
649,"BRUNETTE AVE, ROUSSEAU ST",508280.6322,5452826.8578,INT672,-122.886267284969,49.2281679551808
650,"ST. PATRICK ST, THIRD ST",506295.6673,5451157.349,INT179,-122.913556513091,49.2131739127542
651,"BRANTFORD ST, SEVENTH ST",505870.173,5450851.8391,INT169,-122.919403279851,49.2104299913442
652,"BOYD ST, HIGHWAY 91A",503752.8471,5448585.7833,INT83,-122.948495048085,49.1900627673978
653,"EWEN AVE, BOYNE ST",504507.4187,5448560.2038,INT54,-122.93813942353,49.1898275893038
654,"EDINBURGH ST, FOURTEENTH ST",504503.9622,5450754.6865,INT316,-122.938162255138,49.2095676416498
655,LAGUNA CRT,505641.4117,5449616.2855,INT660,-122.922561497499,49.1993179804553
656,"BOYD ST, WOOD ST",504189.9814,5448874.8582,INT893,-122.942492703707,49.1926602551943
657,"SEVENTH ST, PRESCOTT ST",505890.9467,5450826.7074,INT170,-122.919118428707,49.2102037253457
658,"DUBLIN ST, TWENTIETH ST",503635.3636,5450159.2555,INT777,-122.950093180164,49.2042173364759
659,BURNABY ST,507370.3399,5452998.0518,INT553,-122.898766787327,49.2297195197099
660,"OAKLAND ST, THIRD ST",506331.0908,5451114.8593,INT180,-122.913070796842,49.2127913413021
661,TWENTY-THIRD ST,503090.3009,5449971.9681,INT786,-122.957577321937,49.2025356216963
662,"SEVENTH AVE, CURNEW ST",504332.0289,5450190.4577,INT901,-122.940528922227,49.204493481057
663,"COLUMBIA ST, MCINNIS OVERPASS",506255.5277,5449727.513,INT653,-122.914129930268,49.2003125450043
664,"E EIGHTH AVE, RICHMOND ST",507386.9071,5452977.1195,INT562,-122.898539619204,49.2295310289539
665,"NINTH AVE, TWENTY-THIRD ST",503113.2361,5449945.1086,INT785,-122.957262683026,49.202293896449
666,ROYAL AVE,506826.2748,5450614.6613,INT318,-122.906280175042,49.2082866059375
667,"BOYD ST, WOOD ST",504194.6185,5448862.9584,INT253,-122.942429183978,49.1925531810943
668,"SIXTH AVE, HOLLAND ST",504865.5102,5450381.5703,INT303,-122.933202858954,49.2062085910383
669,"FOURTH AVE, THIRD ST",506365.9425,5451071.9631,INT181,-122.91259294558,49.2124051171489
670,"E EIGHTH AVE, WELLS GREY PL",507787.3729,5453302.4184,INT817,-122.893032848133,49.2324522083567
671,"EIGHTH AVE, FOURTEENTH ST",504571.073,5450673.2884,INT234,-122.937241775882,49.208834945711
672,"EWEN AVE, STANLEY ST",504944.4217,5448839.0386,INT56,-122.932138494091,49.192332426987
673,"FRONT ST, MCINNIS OVERPASS",506258.0777,5449715.7199,INT675,-122.914095110017,49.2002064365884
674,GIFFORD ST,503314.52,5448276.09,INT942,-122.954513303551,49.1872795036446
675,"NANAIMO ST, CURNEW ST",504394.3663,5450117.9649,INT739,-122.939673933973,49.2038409433749
676,"EDINBURGH ST, TWENTIETH ST",503699.852,5450081.4641,INT842,-122.949208590731,49.2035171940736
677,"FOURTH AVE, SEVENTH ST",505962.861,5450739.4653,INT171,-122.918132355975,49.2094182627399
678,"FURNESS ST, STAR CR",505283.936,5449226.3675,INT89,-122.92747361745,49.1958137368059
679,"QUEENS AVE, TENTH ST",505881.3641,5450089.3895,INT371,-122.919260795718,49.2035714338225
680,ROYAL AVE,506828.849,5450602.3363,INT679,-122.906245042814,49.2081757104511
681,"BUCHANAN AVE, SHERBROOKE ST",507551.2139,5452801.2373,INT549,-122.896286153889,49.2279469215732
682,"ROYAL AVE, MERIVALE ST",506835.7787,5450594.1969,INT473,-122.906150041961,49.2081024170193
683,"LONDON ST, TWENTY-THIRD ST",503171.8818,5449875.0914,INT266,-122.956458170436,49.2016637702118
684,FIRST ST,505879.8318,5452280.3371,INT959,-122.919249735844,49.2232796210042
685,"GARRETT ST, MAJOR ST",508088.8538,5452992.4694,INT762,-122.888897974717,49.2296602347196
686,"EWEN AVE, JENSEN ST",505395.9537,5449111.0763,INT8,-122.92593763176,49.1947756818049
687,"BRAID ST, VULCAN ST",508741.118,5453070.2658,INT35,-122.879937319533,49.2303510679939
688,"SOUTH DYKE RD, JARDINE ST",503990.5112,5447592.458,INT809,-122.945243152261,49.1811259861288
689,"FOURTH AVE, STEWARDSON WAY",505157.0188,5450075.2059,INT270,-122.929204761641,49.2034503710548
690,SEVENTH AVE,503920.6737,5449850.3287,INT775,-122.94617941764,49.2014366900546
691,"MERIVALE ST, CUNNINGHAM ST",506868.5798,5450554.5138,INT474,-122.905700387715,49.2077450896997
692,SOUTH DYKE RD,503091.3215,5447026.8621,INT927,-122.957585963547,49.1760434527921
693,STRAND AVE,507374.974,5452237.7977,INT509,-122.898717115949,49.2228807897205
694,"HAMILTON ST, FOURTEENTH ST",504641.6575,5450587.6301,INT235,-122.936273681895,49.2080638943395
695,"SALTER ST, SPAGNOL ST",503386.0019,5447460.6495,INT65,-122.953539192207,49.1799439600181
696,PATTULLO BRIDGE DECK,507491.7,5450659.64,INT606,-122.897143542908,49.2086834278505
697,"EIGHTH AVE, TWENTIETH ST",503762.1166,5450005.8133,INT682,-122.948354534007,49.2028363138027
698,"DUBLIN ST, TWENTY-THIRD ST",503230.4766,5449804.7677,INT789,-122.955654379471,49.2010308815169
699,"TENTH ST, AUCKLAND ST",505947.5608,5450009.3429,INT866,-122.918353235647,49.2028507527105
700,"BLACKFORD ST, SEVENTH ST",506033.0083,5450654.5864,INT413,-122.917170538744,49.2086540666712
701,"GLOVER AVE, FIRST ST",505937.4902,5452210.4096,INT241,-122.918458923986,49.2226500488398
702,"TENTH AVE, HENLEY ST",504660.4725,5451295.3079,INT392,-122.936007150938,49.2144295115314
703,"AGNES ST, MERIVALE ST",506903.3898,5450512.6196,INT962,-122.905223197757,49.2073678485219
704,MARINE WAY,503558.5207,5449473.258,INT579,-122.951154168387,49.1980470353658
705,"CHURCHILL AVE, WILLIAM ST",506809.5294,5452797.0636,INT499,-122.906473042352,49.227918074775
706,PATTULLO BRIDGE DECK,507490.66,5450653.46,INT810,-122.897157936749,49.2086278497636
707,"E COLUMBIA ST, KEARY ST",507799.7793,5452535.086,INT347,-122.892877358416,49.2255497097042
708,"SEVENTH ST, WALMSLEY ST",506065.3346,5450615.4415,INT414,-122.916727310554,49.2083016282027
709,"FIFTH AVE, HOLLAND ST",504993.4042,5450226.4246,INT115,-122.93144897086,49.2048119820151
710,"TENTH ST, QUEBEC ST",505982.1003,5449967.2034,INT850,-122.917879713407,49.2024713595547
711,"TENTH AVE, FOURTH ST",505457.4233,5451952.1833,INT202,-122.925055312266,49.2203317013295
712,"DICKENSON ST, MERIVALE ST",506938.7092,5450470.4712,INT466,-122.90473902595,49.2069883129847
713,"QUAYSIDE DR, MCINNIS OVERPASS",506265.2306,5449682.6386,INT655,-122.91399743797,49.1999087875314
714,"THIRD AVE, THIRD ST",506506.8885,5450901.5726,INT137,-122.910660462434,49.2108709272653
715,"TWENTIETH ST, HAMILTON ST",503821.0615,5449934.4092,INT683,-122.947546031756,49.2021936481724
716,"QUAYSIDE DR, RENAISSANCE SQ",505496.735,5449719.3332,INT661,-122.924546032957,49.2002462394133
717,"EDINBURGH ST, TWENTY-THIRD ST",503289.3921,5449734.7691,INT792,-122.954846204077,49.2004009098157
718,"GARFIELD ST, HOULT ST",507593.5341,5453465.4049,INT525,-122.895692321321,49.2339207451669
719,"SEVENTH AVE, FOURTEENTH ST",504712.4369,5450501.9133,INT307,-122.935302942918,49.2072923070404
720,"DAN LEE AVE, SPAGNOL ST",503412.8362,5447418.0894,INT70,-122.953171348413,49.1795609690764
721,"EWEN AVE, PHILLIPS ST",503140.7136,5447689.6466,INT67,-122.956903110204,49.1820051695799
722,MCDONALD ST,507646.6073,5453410.6712,INT880,-122.894964332787,49.2334277420905
723,ALICE ST,507258.2356,5450876.0898,INT697,-122.900344947819,49.2106332630149
724,"ROYAL AVE, TENTH ST",506018.1959,5449923.6081,INT370,-122.917384858787,49.2020788538152
725,"THIRD AVE, SEVENTH ST",506103.7177,5450568.9412,INT416,-122.91620104565,49.2078829638254
726,"FIRST ST, SINCLAIR AVE",506004.2129,5452128.756,INT639,-122.917543827069,49.2219149031013
727,"LONDON ST, HENLEY ST",504728.2198,5451213.2728,INT385,-122.935077881219,49.2136910641114
728,"CARNARVON ST, MERIVALE ST",506977.1997,5450424.2475,INT468,-122.904211396991,49.2065720808358
729,"TOWNSEND PL, THIRD ST, WARREN AVE",506554.8067,5450844.065,INT136,-122.910003485692,49.2103531198208
730,"TANAKA CRT, GIFFORD ST",503394.1956,5448159.7965,INT940,-122.953420860645,49.1862329704629
731,VICTORIA ST,506533.1771,5450134.2066,INT731,-122.910312006662,49.2039679750221
732,"BLACKMAN ST, FOURTH ST",505512.7344,5451884.9224,INT201,-122.924296671099,49.2197261764761
733,"E SIXTH AVE, MCKAY ST, SHILES ST",507092.2191,5452496.29,INT336,-122.902595703567,49.2252093327001
734,"EIGHTH AVE, TWENTY-THIRD ST",503347.3315,5449665.5816,INT793,-122.954051441295,49.1997782338162
735,"TWENTIETH ST, SEVENTH AVE",503878.1988,5449865.2127,INT533,-122.946762342801,49.2015708462755
736,"FRONT ST, PATTULLO BRIDGE DECK",507435.1942,5450690.4577,INT607,-122.897918760948,49.2089613297597
737,"TOWNSEND PL, THIRD ST",506573.2496,5450821.5635,INT441,-122.9097506362,49.2101505150479
738,"HAMILTON ST, FULTON ST",504226.7923,5450245.5188,INT743,-122.941973053864,49.2049895065061
739,"CLARKSON ST, MERIVALE ST",507015.0558,5450377.7153,INT851,-122.903692491744,49.2061530784702
740,"GLENBROOKE DR, EDDIE DR",506880.8808,5451973.3351,INT626,-122.905507182115,49.2205076308344
741,"NANAIMO ST, FOURTEENTH ST",504773.9744,5450426.928,INT305,-122.934458986561,49.2066173164802
742,"WELSH ST, SEVENTH ST",506153.6621,5450508.4602,INT708,-122.915516278413,49.2073384207007
743,"BOYD ST, HIGHWAY 91A",504161.3532,5448847.8738,INT937,-122.94288590363,49.1924177171089
744,"DUBLIN ST, HENLEY ST",504796.8081,5451131.6069,INT386,-122.934137087367,49.2129559236051
745,"OVENS AVE, FIRST ST",506072.201,5452047.1284,INT220,-122.916611379374,49.2211799713676
746,"FRONT ST, PATTULLO BRIDGE DECK",507431.7799,5450685.58,INT811,-122.897965727673,49.2089174949251
747,"AGNES ST, TENTH ST",506086.8059,5449839.4029,INT366,-122.916444288102,49.2013207260254
748,"NINTH AVE, FOURTH ST",505566.5978,5451819.648,INT200,-122.923557901108,49.2191385288378
749,GIFFORD ST,503432.7173,5448109.1209,INT941,-122.952892653545,49.185776912703
750,"THIRD ST, LIVERPOOL ST",506615.1539,5450770.0987,INT320,-122.90917614757,49.2096871239871
751,LEVI ST,505196.3842,5449997.2101,INT263,-122.928665365455,49.2027484436103
752,"HAMILTON ST, TWENTY-THIRD ST",503407.7472,5449593.5275,INT794,-122.953222731247,49.1991297525936
753,FURNESS ST,505280.1451,5449181.8268,INT90,-122.927526235991,49.1954131123783
754,"E TENTH AVE, CHESTNUT ST",507043.67,5453261.13,INT513,-122.903249041061,49.2320898166309
755,"TWENTIETH ST, MEAD ST",503943.5364,5449786.2247,INT532,-122.945866202178,49.2008599088383
756,"RAMA AVE, SPAGNOL ST",503453.0429,5447354.9586,INT68,-122.952620201295,49.1789928615138
757,"SPRUCE ST ONRAMP, BRUNETTE AVE",507951.2534,5452352.8482,INT816,-122.890800620223,49.2239084875573
758,"BRUNETTE AVE, SHERBROOKE ST",508250.1778,5452783.9582,INT615,-122.88668645128,49.2277824739618
759,"SIXTH AVE, FOURTEENTH ST",504833.594,5450355.2573,INT304,-122.933641343396,49.2059721505955
760,"VICTORIA ST, TENTH ST",506122.5687,5449795.9145,INT274,-122.915954023111,49.200929178991
761,"BOYD ST, HIGHWAY 91A",504153.6544,5448842.1432,INT939,-122.942991627958,49.192366220785
762,"SEVENTH AVE, FULTON ST",504296.6314,5450160.5375,INT742,-122.941015187008,49.2042245893124
763,"QUEENS AVE, THIRD ST",506650.6322,5450727.4681,INT184,-122.908689749223,49.2093032658944
764,MCKENZIE ST,506591.5356,5450055.2226,INT647,-122.909512153793,49.2032568664582
765,"E EIGHTH AVE, WILLIAM ST, MCKAY ST",506945.8793,5452622.6433,INT331,-122.904603338422,49.2263475894799
766,"CARNARVON ST, MCKENZIE ST",506560.0225,5450085.9434,INT648,-122.90994425965,49.2035335469689
767,"COLUMBIA ST, PATTULLO BRIDGE DECK",507379.0545,5450728.0196,INT608,-122.898688837348,49.2092998879813
768,"SANDRINGHAM AVE, FOURTH ST",505619.2306,5451756.1237,INT199,-122.922836022856,49.2185666303282
769,"EDINBURGH ST, HENLEY ST",504864.1718,5451050.5639,INT387,-122.933213128061,49.2122263882361
770,"EIGHTH AVE, FIRST ST",506138.6077,5451966.1225,INT219,-122.915700666597,49.2204506402327
771,"QUEENS AVE, SEVENTH ST",506247.6387,5450394.6331,INT710,-122.914227844846,49.2063135628914
772,"SEVENTH AVE, TWENTY-THIRD ST",503466.2542,5449523.2739,INT681,-122.952420227211,49.1984974721967
773,"WOOD ST, RENNIE PL",504307.0036,5448681.8953,INT108,-122.940888648541,49.1909236829607
774,"CARNARVON ST, TENTH ST",506157.2889,5449753.7853,INT365,-122.915478056915,49.2005498667289
775,"E COLUMBIA ST, BRAID ST",507810.8232,5453213.0335,INT528,-122.892712477229,49.2316478712604
776,"CLARKSON ST, MCKENZIE ST",506601.6787,5450037.3876,INT460,-122.909373203833,49.2030963263442
777,TWENTY-THIRD ST,503484.8223,5449501.2718,INT974,-122.952165541888,49.1982994513728
778,"E SIXTH AVE, GLENBROOKE DR",506829.1142,5452000.3825,INT492,-122.90621761402,49.2207515085361
779,TWENTIETH ST,504052.1574,5449663.3866,INT538,-122.944376377592,49.1997542349973
780,"THIRD AVE, LEVI ST",505285.6471,5449889.7776,INT264,-122.927441402063,49.2017812935583
781,"THIRD AVE, LEVI ST",505289.8158,5449884.7603,INT265,-122.927384242459,49.2017361255101
782,"MANITOBA ST, THIRD ST",506715.0809,5450649.8638,INT139,-122.907806196151,49.2086044907966
783,"MINER ST, CUMBERLAND ST",507582.3409,5451973.4795,INT358,-122.895874280079,49.2205006482055
784,"OSBORNE AVE, FOURTH ST",505672.7016,5451691.2616,INT198,-122.922102670049,49.2179826856295
785,"MCDONALD ST, WELLS GREY PL",507646.1779,5453370.0236,INT522,-122.894971006295,49.2330621126944
786,"DUFFERIN ST, WELLINGTON ST",507322.8916,5450770.9531,INT6,-122.899459144816,49.2096867603483
787,"COLUMBIA ST, PATTULLO BRIDGE DECK",507374.4607,5450718.8446,INT812,-122.898752076623,49.2092174116377
788,"EIGHTH AVE, HENLEY ST",504930.8656,5450969.3753,INT388,-122.932298395563,49.2114955410745
789,"SALTER ST, JENSEN ST",505516.1655,5448922.4447,INT3,-122.924290251173,49.1930778132324
790,"SEVENTH ST, GLOUCESTER ST",506312.3697,5450316.7597,INT449,-122.91334039556,49.2056124062408
791,HOWAY ST,505325.8954,5450572.8166,INT250,-122.92687983603,49.2079250779075
792,"COLUMBIA ST, MCKENZIE ST",506639.7012,5449988.834,INT453,-122.908852040398,49.2026591620333
793,"E SIXTH AVE, E SEVENTH AVE",507091.5,5452458.86,INT352,-122.902606241377,49.22487264878
794,"KAMLOOPS ST, STEWARDSON WAY",505078.9413,5450088.2596,INT839,-122.930276438855,49.2035684448723
795,"PATTULLO ON-RAMP, PATTULLO BRIDGE DECK",507354.0013,5450734.9319,INT490,-122.899032679552,49.2093623672003
796,"SOUTH DYKE RD, SPAGNOL ST",503495.501,5447287.1985,INT69,-122.952038215544,49.1783830963445
797,"EWEN AVE, BOUNDARY RD",503111.7731,5447670.539,INT925,-122.957300379669,49.1818334379382
798,"FIRST ST, DURHAM ST",506207.2859,5451879.9303,INT233,-122.914758867639,49.219674626696
799,RENAISSANCE SQ,505487.0309,5449676.7847,INT863,-122.924679822745,49.1998635900312
800,"SALTER ST, BOYNE ST",504680.9438,5448290.8714,INT94,-122.935761073925,49.1874035593081
801,"MCKAY ST, E DURHAM ST",507011.0701,5452535.0044,INT334,-122.90370952283,49.2255585128075
802,"FRONT ST, MCKENZIE ST",506687.0685,5449935.258,INT861,-122.908202688276,49.2021767155252
803,"FIFTH AVE, FOURTEENTH ST",504961.2592,5450200.3649,INT116,-122.931890589194,49.2045778285303
804,"EIGHTH AVE, FOURTH ST",505726.0971,5451626.1419,INT158,-122.921370374943,49.2173964197493
805,"ROYAL AVE, THIRD ST",506777.2877,5450574.1788,INT138,-122.906953414969,49.2079229983078
806,"CHURCHILL AVE, CHERRY ST",507164.1766,5453108.5901,INT556,-122.901596505581,49.2307162853279
807,"PATTULLO ON-RAMP, ROYAL AVE, MCBRIDE OFF-RAMP, DUFFERIN ST",507187.0721,5450894.1228,INT489,-122.901321693174,49.2107963136116
808,"RIVER DR, TWENTIETH ST",504081.6292,5449616.575,INT537,-122.943972296545,49.1993329550906
809,"FIFTH AVE, HOWAY ST",505360.4184,5450529.0973,INT252,-122.926406447725,49.2075315093837
810,ROYAL AVE,506786.5583,5450562.8765,INT182,-122.906826328475,49.2078212283666
811,BRAID ST,508562.4608,5453169.0207,INT614,-122.88238913197,49.2312419159844
812,"SALTER ST, CARTER ST",504230.1251,5448004.8583,INT804,-122.941950889969,49.1848340552924
813,STANLEY ST,505013.9513,5448680.8379,INT918,-122.931186184457,49.1909087980233
814,"BLAIR AVE, SHERBROOKE ST",507467.0685,5452802.6728,INT548,-122.897441839134,49.2279608660754
815,"CANFOR AVE, CAPILANO WAY",508331.6221,5452666.3539,INT280,-122.885570285276,49.2267234920747
816,"ROYAL AVE, SEVENTH ST",506378.8441,5450236.0929,INT450,-122.912429081773,49.2048860971278
817,"FIFTH AVE, OAK ST",506157.8245,5451187.5018,INT190,-122.915448716988,49.2134465463102
818,"CARIBOO ST, FOURTEENTH ST",505000.3489,5450153.0365,INT296,-122.931354545704,49.204151778166
819,GLEN CT,506921.2506,5451883.6361,INT630,-122.904954345357,49.2197003102338
820,"WOOD ST, CRANE PL",504357.9605,5448602.1644,INT107,-122.940190156955,49.1902061184984
821,"FURNESS ST, FOUNDRY ROW",505279.1943,5449141.1176,INT799,-122.927539821281,49.1950469289557
822,"ALICE ST, DUFFERIN ST",507224.9908,5450848.2255,INT696,-122.900801897296,49.2103830089205
823,"SEVENTH AVE, FIRST ST",506278.1642,5451794.469,INT143,-122.913786874515,49.2189051574856
824,GIFFORD ST,503509.1348,5447988.3715,INT917,-122.951845026884,49.1846903003255
825,MARINE WAY,503551.3,5449406.89,INT575,-122.951253869572,49.1974500769341
826,E COLUMBIA ST,507824.9386,5453898.9184,INT705,-122.892505204811,49.2378173855541
827,QUAYSIDE DR,506224.6414,5449654.7822,INT656,-122.914555035265,49.1996586245565
828,ASH ST,505654.9047,5450954.8028,INT712,-122.922357432601,49.2113582029264
829,"EDDIE DR, GLEN CT",506876.4723,5451923.9556,INT628,-122.905568568768,49.2200634989359
830,BLACKBERRY DR,507132.0085,5451667.3123,INT601,-122.902063974552,49.2177520035933
831,"FOURTH AVE, PINE ST",506311.2778,5451027.256,INT188,-122.913344216804,49.2120035300646
832,"DURHAM ST, FOURTH ST",505796.6178,5451540.6821,INT197,-122.920403234139,49.2166270227142
833,EDINBURGH ST,503250.4607,5449703.5818,INT791,-122.955380871286,49.200120578377
834,"CUNNINGHAM ST, SEVENTH ST",506420.7198,5450185.3569,INT279,-122.911855009993,49.2044292750483
835,EWEN AVE,503095.3462,5447666.3232,INT926,-122.957525821293,49.1817955985481
836,NINTH AVE,503055.3781,5449897.7793,INT787,-122.958057295395,49.2018684464605
837,"FADER ST, MAJOR ST",507994.5461,5452993.4383,INT692,-122.890193288017,49.2296701887412
838,"DUFFERIN ST, AGNES ST",507259.0609,5450807.1018,INT5,-122.900334863977,49.210012687311
839,FOURTEENTH ST,505067.7269,5450075.8408,INT865,-122.930430546409,49.2034568269801
840,"FOURTEENTH ST, STEWARDSON WAY",505048.8532,5450093.9059,INT302,-122.93068941613,49.2036194835808
841,"VANCOUVER ST, GRANVILLE ST",507063.5351,5451000.4401,INT238,-122.903015979533,49.2117541032869
842,"BRUNETTE AVE, BRAID ST",508530.25,5453183.5182,INT673,-122.882831258498,49.2313727740027
843,"AGNES ST, SEVENTH ST",506455.6118,5450143.7162,INT278,-122.911376675276,49.2040543385125
844,"FIRST ST, PRINCESS ST",506338.4591,5451721.4761,INT142,-122.91296004575,49.2182479461645
845,"PHILLIPS ST, CANIL AVE",503236.3134,5447517.9405,INT11,-122.955592671606,49.1804601195828
846,"FURNESS ST, DUNCAN ST",505291.28,5449114.55,INT798,-122.927374287652,49.1948078411286
847,"FOURTH AVE, FOURTEENTH ST",505104.4761,5450031.6005,INT864,-122.929926618271,49.2030585676255
848,"DEVOY ST, ALBERTA ST",507184.9652,5452334.1465,INT353,-122.901324837995,49.2237497300547
849,"MARINE WAY, TWENTIETH ST",503976.746,5449702.4149,INT534,-122.945411156623,49.200105800116
850,"COLUMBIA ST, TENTH ST, FRONT ST",506155.5942,5449708.58,INT652,-122.915502013035,49.2001432488344
851,"DUNCAN ST, BOYD ST, DERWENT WAY",504580.7391,5449090.3271,INT919,-122.937127119689,49.1945956694029
852,"SEVENTH AVE, FOURTH ST",505867.2391,5451455.4502,INT196,-122.919434738646,49.2158596665528
853,MARINE DR,503461.4463,5449476.6152,INT973,-122.952486625192,49.1980777902269
854,"E EIGHTH AVE, SANGSTER PL",506513.2133,5452268.8394,INT592,-122.910551431996,49.2231697881546
855,"FIFTH AVE, ASH ST",505744.3653,5450846.1429,INT713,-122.921130683159,49.2103799447765
856,"WILSON ST, SHERBROOKE ST",508179.3832,5452790.9093,INT542,-122.887658648695,49.2278459504776
857,"TENTH AVE, EIGHTEENTH ST",503805.068,5450590.5824,INT833,-122.947759366247,49.2080962168624
858,"EWEN AVE, FURNESS ST",505316.9994,5449077.9888,INT30,-122.927021758932,49.1944787394927
859,"SIXTH AVE, FIRST ST",506399.8797,5451647.1204,INT417,-122.912117802713,49.2175784583556
860,"FOURTH AVE, OAK ST",506298.8872,5451016.9925,INT189,-122.913514504398,49.2119113345719
861,"LEVI ST, FOURTEENTH ST",505158.1487,5449966.071,INT262,-122.929190652137,49.2024686612796
862,"EWEN AVE, FURNESS ST",505322.1423,5449069.9246,INT9,-122.926951277161,49.1944061549336
863,"FRANCIS WAY, E ROYAL AVE",507457.4964,5451317.0456,INT18,-122.897600923491,49.2145973863694
864,"ROYAL AVE, GRANVILLE ST",507167.4287,5450875.4513,INT237,-122.901591729475,49.210628588459
865,"EWEN AVE, WOOD ST",504421.4801,5448505.816,INT53,-122.939319457036,49.189338979631
866,GOVERNORS CT,507609.9108,5451892.2166,INT507,-122.895497213901,49.2197693256529
867,"PRINCESS ST, FOURTH ST",505927.866,5451382.1243,INT195,-122.918603331867,49.2151994966605
868,"THIRD AVE, PINE ST, PEARSON ST",506452.6339,5450857.4278,INT187,-122.911406086374,49.2104744063637
869,DUBLIN ST,503170.2477,5449755.5024,INT790,-122.956481546359,49.2005880398643
870,"EWEN AVE, GIFFORD ST",503527.3516,5447935.9662,INT66,-122.951595502221,49.1842187931494
871,"THIRD AVE, FOURTEENTH ST",505258.2475,5449857.2756,INT665,-122.927817954633,49.2014891641964
872,VULCAN ST,508691.0128,5452998.7795,INT36,-122.880627081816,49.2297087450283
873,"E COLUMBIA ST, SIMPSON ST, NELSON CT",507798.0055,5452430.55,INT621,-122.89290375208,49.2246094050187
874,"PRESCOTT ST, ASH ST",505812.7233,5450763.0803,INT715,-122.920193341182,49.2096321288712
875,"BOLE ST, MAPLE ST",505231.9363,5450613.0031,INT247,-122.928169292459,49.2082873762723
876,"THIRD AVE, FOURTEENTH ST",505251.4337,5449861.5246,INT896,-122.927911434731,49.2015274436158
877,"E TENTH AVE, MASSEY ST",506601.2018,5452894.8055,INT574,-122.909332750296,49.2287995685251
878,"THIRD AVE, MOWAT ST",505649.3646,5450194.2507,INT400,-122.922444200198,49.204516872964
879,FOURTEENTH ST,505303.75,5449808.62,INT664,-122.927193966817,49.2010511007246
880,"LONDON ST, EIGHTEENTH ST",503873.1459,5450508.0121,INT884,-122.946825506391,49.2073530467895
881,"FIRST ST, REGINA ST",506463.5771,5451569.7886,INT421,-122.911244366139,49.2168821695113
882,"QUAYSIDE DR, RIALTO CT",505359.9929,5449747.8674,INT662,-122.926422716459,49.2005041239451
883,"WARREN AVE, PEARSON ST",506500.6382,5450799.0088,INT135,-122.910747939717,49.2099484039142
884,FRANCIS WAY,507195.8521,5451564.7851,INT20,-122.901189120478,49.2168289978631
885,"FRANCIS WAY, MEMORIAL DR",507245.832,5451514.1391,INT19,-122.9005037298,49.2163728346218
886,"SIXTH AVE, FOURTH ST",505988.0059,5451309.0738,INT174,-122.917778630114,49.2145418027779
887,"SALTER ST, PHILLIPS ST",503309.5628,5447411.2712,INT914,-122.954588452449,49.1795002029915
888,"E TENTH AVE, RICHMOND ST",507396,5453551.8318,INT520,-122.89840412609,49.2347005935971
889,"TENTH AVE, EIGHTH ST",504993.9297,5451570.2971,INT128,-122.931425038717,49.2169004869246
890,"MINER ST, GOVERNORS CT",507579.7391,5451906.2828,INT504,-122.895911279085,49.2198962288351
891,"FOURTH AVE, ASH ST",505884.6632,5450675.0807,INT126,-122.919206922396,49.2088398611899
892,"MASSEY ST, RICKMAN PL",506660.1517,5452821.5329,INT570,-122.908524293627,49.22813982505
893,"FIRST ST, FIFTH AVE",506527.6163,5451492.236,INT422,-122.910366264281,49.2161838841958
894,"DUBLIN ST, EIGHTEENTH ST",503940.2178,5450426.6695,INT885,-122.945905473657,49.2066209190653
895,"FIFTH AVE, MAPLE ST",505324.3185,5450499.8504,INT249,-122.926902453137,49.2072687399154
896,"EIGHTH ST, LONDON ST",505063.9712,5451489.2953,INT127,-122.930464275284,49.2161712788239
897,"SOUTH DYKE RD, CARTER ST",504356.7327,5447813.0368,INT808,-122.940215560398,49.183107672524
898,"REGINA ST, FOURTH ST",506052.6402,5451230.9113,INT192,-122.916892315564,49.2138380747286
899,RENNIE PL,504256.1703,5448644.0598,INT894,-122.941586709072,49.1905836957505
900,E EIGHTH AVE,507701.63,5453233.29,INT818,-122.894211936062,49.2318314665166
901,"FIRST ST, ELGIN ST",506562.9221,5451449.6856,INT689,-122.909882160381,49.2158007547745
902,EDDIE DR,506849.1055,5451893.019,INT627,-122.905944912,49.2197855227905
903,"GIFFORD ST, ECKERT AVE",503553.562,5447881.2272,INT76,-122.951236310889,49.1837262467432
904,"WELLINGTON ST, HASTINGS ST, FIRST ST",507299.8451,5450709.1085,INT7,-122.89977668956,49.2091307261657
905,"SEVENTH AVE, MARINE DR, TRAPP RD",503414.402,5449480.2843,INT680,-122.953132345082,49.1981110587309
906,"BRAID ST, GRIFFITHS PL",507709.46,5453220.086,INT527,-122.894104638797,49.2317125948524
907,"QUEENS AVE, MOWAT ST",505791.2262,5450024.1261,INT402,-122.920499146173,49.2029852289895
908,WARREN AVE,506487.3239,5450787.9343,INT444,-122.910930920295,49.2098489268251
909,"EDINBURGH ST, EIGHTEENTH ST",504007.7425,5450345.4324,INT886,-122.944979250722,49.2058897299713
910,"CHURCHILL AVE, MASSEY ST",506732.0457,5452734.5841,INT568,-122.907538306308,49.2273569128739
911,"FIRST ST, ST. PATRICK ST",506597.6069,5451407.5342,INT424,-122.909406584501,49.215421219103
912,"EIGHTH ST, DUBLIN ST",505133.1256,5451409.0798,INT159,-122.929515711049,49.2154491430686
913,"EWEN AVE, DERWENT WAY",504844.3501,5448775.0547,INT55,-122.93351273334,49.1917576708216
914,"FIFTH AVE, FOURTH ST",506116.8978,5451153.0323,INT191,-122.916011194171,49.213136893727
915,GOVERNORS CT,507666.3255,5451794.5305,INT633,-122.894724369132,49.2188899105368
916,"WALMSLEY ST, ASH ST",505987.3073,5450551.6424,INT711,-122.91779951959,49.207728504679
917,E COLUMBIA ST,507808.9846,5453111.9981,INT703,-122.892739699345,49.2307390571761
918,"FIRST ST, OAKLAND ST",506633.0369,5451364.7706,INT426,-122.908920793581,49.2150361664818
919,LORNE ST,506428.5813,5450107.7252,INT650,-122.911748328523,49.2037308732778
920,"RICHMOND ST, SHERBROOKE ST",507384.196,5452804.0563,INT510,-122.898580043092,49.2279743159156
921,"TENTH AVE, FIFTEENTH ST",504177.2786,5450897.7576,INT670,-122.942646009676,49.2108569207718
922,"BUCHANAN AVE, HOSPITAL ST",507548.2077,5452640.3571,INT325,-122.896330470911,49.2264998016743
923,"ROYAL AVE, COBURG ST",507142.9994,5450853.6774,INT491,-122.901927528884,49.2104330115417
924,"LORNE ST, VICTORIA ST",506458.4232,5450076.1526,INT649,-122.911339166677,49.203446554946
925,GLEN CT,506807.4615,5451918.5146,INT629,-122.906516353325,49.2200153265674
926,"ALBERTA ST, HARVEY ST",507120.257,5452335.2088,INT704,-122.902213491824,49.2237600414071
927,"E SIXTH AVE, GINGER DR",506770.9796,5451952.2785,INT598,-122.907016771512,49.2203194459766
928,"THIRD AVE, ASH ST",506025.942,5450504.4558,INT40,-122.917269807789,49.2073036692072
929,"EIGHTH AVE, EIGHTEENTH ST",504074.7129,5450263.8296,INT746,-122.944060668464,49.2051552474748
930,"EIGHTH ST, EDINBURGH ST",505201.0638,5451329.102,INT160,-122.92858387107,49.2147291479482
931,"FIRST ST, FOURTH AVE",506668.3525,5451321.8719,INT430,-122.908436583281,49.2146498977805
932,HIGHWAY 91A,503770.9944,5448373.6922,INT49,-122.948247980325,49.1881548294594
933,"CARNARVON ST, LORNE ST",506493.7633,5450031.5,INT729,-122.910854742597,49.2030445185633
934,"GARFIELD ST, BRAID ST",507596.4098,5453311.6096,INT524,-122.895655733556,49.232537284425
935,"GIFFORD ST, BASRAN AVE",503597.6418,5447811.7514,INT75,-122.950632048568,49.1831010322983
936,"MCDONALD ST, BRAID ST",507643.019,5453262.8857,INT523,-122.895016439587,49.2320984213177
937,CRANE PL,504308.2033,5448561.4748,INT895,-122.940873474181,49.1898404543789
938,SPARKS CT,503800.2895,5447608.3121,INT807,-122.947853178287,49.1812698070273
939,"LONDON ST, FIFTEENTH ST",504245.4857,5450815.016,INT955,-122.941710402462,49.2101121679375
940,"AGNES ST, COBURG ST",507213.2823,5450768.6629,INT698,-122.900964082658,49.2096674594684
941,"EIGHTH AVE, EIGHTH ST",505270.4672,5451250.052,INT161,-122.92763192753,49.2140174784459
942,"THIRD AVE, QUAYSIDE DR",505220.8876,5449836.3,INT952,-122.928331081005,49.20130080187
943,"E TENTH AVE, LAUREL ST",506970.09,5453200.34,INT618,-122.904260781844,49.2315438379799
944,HIGHWAY 91A,503774.1002,5448359.4576,INT50,-122.948205490914,49.1880267655955
945,"HAMILTON ST, EIGHTEENTH ST",504145.1688,5450178.2787,INT745,-122.943094304524,49.2043852197128
946,"E EIGHTH AVE, MASSEY ST",506872.9949,5452563.9922,INT328,-122.905605356865,49.2258208304775
947,"BRAID ST, E EIGHTH AVE",507682.9267,5453214.5923,INT826,-122.894469198688,49.231663511223
948,"SOUTH DYKE RD, PHILLIPS ST",503421.8335,5447247.3405,INT913,-122.953049346406,49.1780249756596
949,"KELLY ST, MAJOR ST",507901.0075,5452994.833,INT693,-122.891478029745,49.2296839484891
950,BOUNDARY RD,503117.7811,5448281.3292,INT934,-122.957213201343,49.1873276637255
951,"FOURTH AVE, FOURTH ST",506257.7728,5450982.5854,INT193,-122.914079552401,49.2116022545438
952,"TENTH AVE, FIFTH ST",505364.1036,5451875.2473,INT156,-122.926337863122,49.2196404659897
953,"SIXTH AVE, ELEVENTH ST",505156.8627,5450620.9168,INT393,-122.929199896302,49.2083591986167
954,MARINE WAY,503438.81,5449416.32,INT899,-122.952797857285,49.1975355439952
955,"DUBLIN ST, FIFTEENTH ST",504312.3802,5450733.8851,INT840,-122.940792827484,49.2093819053817
956,"FIRST ST, EMORY ST",506771.5668,5451196.9522,INT432,-122.907021453072,49.2135250793151
957,"SALTER ST, FURNESS ST",505456.068,5448859.9296,INT4,-122.925115941541,49.1925160084707
958,"TENTH AVE, TWENTY-FIRST ST",503363.7697,5450221.2532,INT779,-122.953821141552,49.204776574786
959,"HAMILTON ST, EIGHTH ST",505341.2609,5451165.6896,INT154,-122.92666099228,49.213258002405
960,"THIRD AVE, SHAW ST",505612.4503,5450163.1564,INT401,-122.922951402438,49.2042375099304
961,"SIXTH AVE, SHARPE ST",504754.4573,5450290.194,INT273,-122.934728552025,49.2053875064955
962,"SEVENTH AVE, EIGHTEENTH ST",504215.6459,5450092.9021,INT888,-122.942127677728,49.2036167515076
963,"FIRST ST, THIRD AVE",506809.7084,5451151.2477,INT482,-122.906498517243,49.2131135322347
964,"QUEENS AVE, ASH ST",506169.6768,5450329.793,INT716,-122.915299157872,49.205731097614
965,"NINTH AVE, TWENTY-FIRST ST",503397.5065,5450180.2431,INT721,-122.953358339573,49.2044074908207
966,BRAID ST,508997.1774,5452615.7561,INT613,-122.876430448309,49.2262589361559
967,"E SIXTH AVE, ALBERTA ST",507085.2352,5452335.7807,INT321,-122.902694455139,49.2237655919435
968,"E DURHAM ST, MASSEY ST",506942.1883,5452478.581,INT327,-122.904656524945,49.2250517548458
969,COLBY ST,507702.4027,5453908.3894,INT706,-122.894188352027,49.2379041334229
970,MARINE WAY,503916.2489,5449658.6914,INT774,-122.946242026993,49.1997128836421
971,"GARRETT ST, SHERBROOKE ST",508085.4968,5452792.5423,INT545,-122.888948114488,49.2278618865429
972,"GIFFORD ST, GALBRAITH AVE",503647.8072,5447733.0898,INT73,-122.949944377411,49.1823931491877
973,"SEVENTH AVE, EIGHTH ST",505413.1625,5451081.07,INT152,-122.925674878298,49.2124961947445
974,"STEWARDSON WAY, RIVER DR",504368.4205,5449933.477,INT668,-122.940032125636,49.2021816060248
975,"EDINBURGH ST, FIFTEENTH ST",504379.706,5450652.3344,INT954,-122.939869362632,49.2086478561516
976,LONDON PL,502983.1787,5449855.4867,INT268,-122.959048726557,49.2014883675587
977,EIGHTH AVE,506316.2808,5452115.941,INT977,-122.913258388898,49.2217964902168
2389,"NELSON CT, NELSON CR",507866.8489,5452428.5397,INT978,-122.89195532368,49.2245902677361
2390,"KELVIN ST, TWELFTH ST",504901.5794,5450730.8772,INT979,-122.932669621082,49.2093701715423
2391,"KELVIN ST, THIRTEENTH ST",504789.4514,5450638.2111,INT980,-122.934261286885,49.2085097335712
2392,"KELVIN ST, FOURTEENTH ST",504676.8001,5450545.0709,INT981,-122.935807935936,49.207675849415
2393,"CAMATA ST, EWEN AVE",505191.6955,5448994.3203,INT982,-122.928743738727,49.1937283192209
