OBJECTID,TEE_ID,X,Y
1101865,,-122.906670430328,49.2024245458902
1101866,,-122.906545679617,49.202491901684
1101867,,-122.905981373953,49.2035024354223
1101868,,-122.905490214853,49.2031697958806
1101869,,-122.949896102486,49.1990678478054
1101870,,-122.949941903999,49.1991036608837
1101871,,-122.950410569138,49.199471558732
1101872,,-122.928846885056,49.2043680745504
1101873,,-122.930113863764,49.2036854896946
1101874,,-122.92750158376,49.2086735182512
1101875,,-122.926942801314,49.2073125167482
1101876,,-122.926972737975,49.2073363759038
1101877,,-122.918508019414,49.2053751585689
1101878,,-122.919330514541,49.2060121063253
1101879,,-122.919467740118,49.2061535937283
1101880,,-122.919492118905,49.2061404452093
1101881,,-122.903333834578,49.2077569807531
1101882,,-122.904682346409,49.2070317197928
1101883,,-122.904303307811,49.2314313956377
1101884,,-122.903669026291,49.2317719982412
1101885,,-122.903269382131,49.2319865996212
1101886,,-122.902652843726,49.2323176621087
1101887,,-122.90220176087,49.232559875027
1101888,,-122.902141922428,49.2325920057748
1101889,,-122.902164467903,49.2325799001677
1101890,,-122.904737088654,49.2293757504371
1101891,,-122.904435702393,49.2303174732699
1101892,,-122.904524672606,49.2307440938419
1101893,,-122.90847662649,49.207053325184
1101894,,-122.907301296753,49.2076860685526
1101895,,-122.906894304527,49.2079044320672
1101896,,-122.906241922251,49.2082555285426
1101897,,-122.923526519289,49.2191906707632
1101898,,-122.923466033196,49.219223210688
1101899,,-122.921917410963,49.2200563104928
1101900,,-122.920741944992,49.2206886350147
1101901,,-122.91982994022,49.2212269528684
1101902,0,-122.90186292098,49.2093414978991
1101903,,-122.904660992588,49.2090944909418
1101904,,-122.902757090838,49.2099792897857
1101905,,-122.902688533763,49.2100619995065
1101906,,-122.932789198699,49.2143219066463
1101907,,-122.93277660171,49.21431193974
1101908,,-122.94920557325,49.2035883041773
1101909,,-122.946995122577,49.2047782262435
1101910,,-122.944905217273,49.2059025570537
1101911,,-122.926225916233,49.2196009097942
1101912,,-122.922511291326,49.2168482997966
1101913,,-122.922666203257,49.2167648815548
1101914,,-122.922897138875,49.2166369647579
1101915,,-122.916154528035,49.2152997021255
1101916,,-122.887631594314,49.2278918773605
1101917,,-122.887640161949,49.2296847257129
1101918,,-122.887520008206,49.2315890982666
1101919,,-122.887588096625,49.231588936063
1101920,,-122.941254372467,49.203004404545
1101921,,-122.941279410524,49.2030242042365
1101922,,-122.940803973611,49.2026422918921
1101923,,-122.910743403747,49.2108069827166
1101924,,-122.910807708833,49.210858471943
1101925,,-122.910617692346,49.2108167317496
1101926,,-122.910503027922,49.2108775077798
1101927,,-122.909992441991,49.2103187600072
1101928,,-122.910032855895,49.2103489634894
1101929,,-122.909865181301,49.2103868162748
1101930,,-122.909748841823,49.2101240567018
1101931,,-122.909204966167,49.2096893594849
1101932,,-122.908793134455,49.2093635791401
1101933,,-122.912075710395,49.2100890318276
1101934,,-122.912141996882,49.2101414429432
1101935,,-122.912012929656,49.2101238209772
1101936,,-122.911689718448,49.2102978265597
1101937,,-122.911417695061,49.2104428606945
1101938,,-122.911333485581,49.2104881728168
1101939,,-122.937649725816,49.2092406940993
1101940,,-122.939399193185,49.208297392282
1101941,,-122.941103391492,49.2073780905612
1101942,,-122.942773231752,49.2064781358959
1101943,,-122.944473273422,49.205562022226
1101944,,-122.910632363511,49.2089386966861
1101945,,-122.898511474183,49.2256311227167
1101946,,-122.896151903252,49.2256030166918
1101947,,-122.893403437108,49.225569719679
1101948,,-122.893081717457,49.225566118395
1101949,,-122.901255117689,49.2252380417275
1101950,,-122.901282151113,49.2242496775449
1101951,,-122.901283781474,49.2241703064984
1101952,,-122.899991243419,49.2252222058067
1101953,,-122.899942990322,49.2252216054156
1101954,,-122.89992104402,49.2260509615441
1101955,,-122.924249688269,49.2197675140391
1101956,,-122.92251281504,49.220704783934
1101957,,-122.920522742788,49.2217783244892
1101958,,-122.900986669335,49.2205699813633
1101959,,-122.900809972085,49.2224193214763
1101960,,-122.898615999293,49.2108025717528
1101961,,-122.925051457484,49.1925234705364
1101962,,-122.925489225586,49.1922194575246
1101963,,-122.925396712826,49.1922827878001
1101964,,-122.92594950965,49.1919455277217
1101965,,-122.925964314826,49.1919361416045
1101966,,-122.92576969151,49.1917431363946
1101967,,-122.927926279579,49.1939463918303
1101968,,-122.926054399028,49.1920371600534
1101969,,-122.92692335088,49.1929128719234
1101970,,-122.927071392909,49.1930651932174
1101971,,-122.927402493538,49.1934066777605
1101972,,-122.927893531724,49.1939118923524
1101973,,-122.925181386249,49.19262690646
1101974,,-122.926085308782,49.1935570526556
1101975,,-122.926872011672,49.1943687193528
1101976,,-122.926883600742,49.1943812868456
1101977,,-122.926941527502,49.194440965126
1101978,0,-122.95547080556,49.1777704508951
1101979,,-122.956118881067,49.182936380387
1101980,,-122.956087777856,49.182904183273
1101981,,-122.945723095621,49.1867056059995
1101982,,-122.944699589279,49.1871306334865
1101983,,-122.924831962807,49.2032083511146
1101984,,-122.926764939816,49.2047009485583
1101985,,-122.927819487867,49.2055393281267
1101986,,-122.928101009166,49.2057626572001
1101987,,-122.93693309385,49.2127491577525
1101988,,-122.936439329169,49.2123563391916
1101989,,-122.936124333249,49.2121057663829
1101990,,-122.93602346893,49.2120258864008
1101991,,-122.935487117338,49.2116008244058
1101992,,-122.934603084125,49.2108956923064
1101993,,-122.934171202656,49.2105514680938
1101994,,-122.934049832226,49.2104550512334
1101995,,-122.933194515388,49.2097756106469
1101996,,-122.933218172462,49.2097943723078
1101997,,-122.932231549736,49.2090077667874
1101998,,-122.931311623056,49.2082779508977
1101999,,-122.93140087641,49.2083488940303
1102000,,-122.93053639277,49.2077113838982
1102001,,-122.930568749185,49.2076940019596
1102002,,-122.905539467641,49.2122655435912
1102003,,-122.905534237444,49.2122613744966
1102004,,-122.907769478126,49.2086451957615
1102005,,-122.906919594251,49.209102817801
1102006,,-122.912833651238,49.2248994157022
1102007,,-122.888857669198,49.229699229077
1102008,,-122.888808012495,49.2316037535138
1102009,,-122.934585150282,49.2133461174634
1102010,,-122.888733543929,49.2330717002522
1102011,,-122.936763636811,49.2100476232358
1102012,,-122.947919976376,49.185803006528
1102013,,-122.94757693779,49.1854476402861
1102014,,-122.946745483471,49.1862821862567
1102015,,-122.945967962487,49.1854775413334
1102016,,-122.945765740012,49.1852673615921
1102017,,-122.945975224384,49.1854853769615
1102018,,-122.898445888394,49.2127239478325
1102019,,-122.898404186989,49.2133184815059
1102020,,-122.898442954844,49.213574194859
1102021,,-122.898451500462,49.2136286850084
1102022,,-122.897643369656,49.214497240829
1102023,,-122.897630338483,49.2145400162424
1102024,,-122.898684486312,49.2149947711362
1102025,,-122.899024268142,49.2151353158982
1102026,,-122.899050617787,49.2151449935649
1102027,,-122.899802858791,49.2154940276759
1102028,,-122.900057191534,49.2157702088324
1102029,,-122.900424090837,49.2162519764817
1102030,,-122.90058008826,49.2163706686393
1102031,,-122.900538878731,49.2163931861282
1102032,,-122.900279982069,49.2161111488949
1102033,,-122.89875675836,49.2136482964255
1102034,,-122.899431809646,49.2138390752116
1102035,,-122.899779945154,49.2140834729002
1102036,,-122.900249934697,49.2144537396677
1102037,,-122.900513313911,49.2146612325109
1102038,,-122.900897117812,49.2149075204328
1102039,,-122.90119446439,49.215112474489
1102040,,-122.901366327334,49.2155468074015
1102041,,-122.901448616813,49.2157350625091
1102042,,-122.898459561971,49.2117803552362
1102043,,-122.897366300854,49.2129654489518
1102044,,-122.897393319008,49.2122699475765
1102045,,-122.910317738804,49.205237607269
1102046,,-122.907768632985,49.206632814911
1102047,,-122.940572760464,49.188862402542
1102048,,-122.939446339707,49.1876972488427
1102049,,-122.938173177173,49.1863864628894
1102050,,-122.923882217811,49.211302250641
1102051,,-122.923264701625,49.2116332616971
1102052,,-122.922935249688,49.2118097754492
1102053,,-122.921779040506,49.2124325811445
1102054,,-122.920444797142,49.2131505181784
1102055,,-122.895714050629,49.2285021139681
1102056,,-122.89489364233,49.2285159472439
1102057,,-122.892937929285,49.2256020526374
1102058,,-122.892740909393,49.2255997137051
1102059,,-122.892917557641,49.226342425014
1102060,,-122.892913047279,49.2265064018006
1102061,,-122.892872975096,49.2278034312052
1102062,,-122.892872803059,49.2279300141708
1102063,,-122.892857272323,49.2284963675112
1102064,,-122.892832979894,49.2293712257909
1102065,,-122.892823329987,49.2297475793868
1102066,,-122.892809339724,49.2302413107543
1102067,,-122.892798864747,49.2307360078325
1102068,,-122.892783486046,49.2316635232665
1102069,,-122.892784033008,49.2316507001372
1102070,,-122.89415970192,49.2316763377629
1102071,,-122.895623367837,49.2294049555899
1102072,,-122.89566898702,49.2302884670349
1102073,,-122.89482744338,49.2302641066767
1102074,,-122.895458703894,49.2294005510349
1102075,,-122.910904185177,49.2057416034106
1102076,,-122.910669295332,49.2058685498043
1102077,,-122.910506670972,49.2059564383876
1102078,,-122.909312202994,49.2066019662143
1102079,,-122.908559174008,49.2070089106332
1102080,,-122.93808456304,49.1898942709984
1102081,,-122.938090318389,49.189900231684
1102082,,-122.938038760044,49.1899216578732
1102083,,-122.937058746811,49.1903294974723
1102084,,-122.937008305576,49.190340530617
1102085,,-122.937020370376,49.19034504655
1102086,,-122.934316885175,49.1875873607343
1102087,,-122.934615917948,49.1878877988011
1102088,,-122.914437300537,49.2241611075049
1102089,,-122.913427685924,49.223657090756
1102090,,-122.913058687339,49.2235258128405
1102091,,-122.914361453613,49.2241006777671
1102092,,-122.913281661167,49.2236101014895
1102093,,-122.915190903182,49.2247613182809
1102094,,-122.915545280141,49.2225041606101
1102095,,-122.908966069069,49.2245474216394
1102096,,-122.888773505292,49.232893591325
1102097,,-122.89268008092,49.2348102808735
1102098,,-122.892679636981,49.2348192712146
1102099,,-122.894139188972,49.2348209993106
1102100,,-122.893182889148,49.23566416227
1102101,,-122.892675754813,49.2338600517338
1102102,,-122.8926724492,49.2339801802596
1102103,,-122.892685662979,49.2346963773944
1102104,,-122.892652319104,49.2356572082804
1102105,,-122.892649164163,49.2357755504514
1102106,,-122.892599657446,49.2376326957472
1102107,,-122.934348200151,49.1875454333453
1102108,,-122.930545857912,49.207706278465
1102109,,-122.930065311549,49.2073235626479
1102110,,-122.929825809643,49.2071329204736
1102111,,-122.928802599786,49.2063183533499
1102112,0,-122.921237847307,49.2011453243189
1102113,,-122.912691725686,49.2071004384449
1102114,,-122.912739501294,49.2071385345344
1102115,,-122.912749954818,49.2071329068797
1102116,,-122.913322211097,49.2076032014732
1102117,,-122.913451168785,49.207533787047
1102118,,-122.913746982071,49.2079419160572
1102119,,-122.914717703329,49.2086990482313
1102120,,-122.914705119631,49.208705844777
1102121,,-122.91457148417,49.208777789304
1102122,,-122.915654154359,49.2094742654354
1102123,,-122.915881469808,49.2093521735177
1102124,,-122.915630296582,49.209487078893
1102125,,-122.91564939497,49.2094884007565
1102126,,-122.916663557196,49.2102392594716
1102127,,-122.916610800557,49.2102677157726
1102128,,-122.91676724088,49.2101835238616
1102129,,-122.916631397207,49.2102698472315
1102130,,-122.918038566674,49.2111755364758
1102131,,-122.919314394742,49.2104886109518
1102132,,-122.919365933943,49.2104607858358
1102133,,-122.920024634884,49.2109857859995
1102134,,-122.918606066915,49.2117632508217
1102135,,-122.920158509303,49.2110924880594
1102136,,-122.918613619955,49.2117690850892
1102137,,-122.918581917829,49.2117860296567
1102138,,-122.918562106297,49.2117844532093
1102139,,-122.918446935717,49.2118586730156
1102140,,-122.920913114835,49.2116939625045
1102141,,-122.919084776323,49.21373575923
1102142,,-122.919167581799,49.2138019271389
1102143,,-122.920217418066,49.2132366342197
1102144,,-122.940123129979,49.1919099787003
1102145,,-122.939098199442,49.190850715518
1102146,,-122.9128765857,49.2070646724139
1102147,,-122.932913267962,49.2075047889126
1102148,,-122.931568773572,49.2082313406097
1102149,,-122.933120337399,49.2073932018537
1102150,,-122.934604533018,49.2065649546135
1102151,,-122.936163364154,49.2057290007053
1102152,,-122.934465549889,49.2066685349091
1102153,,-122.93444378655,49.206651181432
1102154,,-122.938036006726,49.2047492264984
1102155,,-122.939771353911,49.2038113708994
1102156,,-122.941260986263,49.2030092653702
1102157,,-122.941158710153,49.2030645946713
1102158,,-122.935293952972,49.2073261225059
1102159,,-122.929585158769,49.2058606541316
1102160,,-122.929608498755,49.2058480947343
1102161,,-122.931315169104,49.2072790483142
1102162,,-122.906467235192,49.2279523366216
1102163,,-122.904494932036,49.2269791113168
1102164,,-122.905673794903,49.2245490817557
1102165,,-122.905829179937,49.2244668928469
1102166,,-122.90713787577,49.2237749470187
1102167,,-122.903295695855,49.2251265904716
1102168,,-122.935305196138,49.202767162466
1102169,,-122.936500886142,49.2021462246645
1102170,,-122.935849326141,49.1908392102466
1102171,,-122.934661447639,49.1894072010005
1102172,,-122.935953307089,49.1907953105318
1102173,,-122.911760632305,49.2269327199402
1102174,,-122.910388857925,49.2276830462973
1102175,,-122.908942092347,49.2284474998041
1102176,,-122.939374051532,49.1893600861371
1102177,,-122.939166472801,49.1891450643809
1102178,,-122.938100092214,49.1880404146644
1102179,,-122.936618113426,49.2021081381825
1102180,,-122.876968841884,49.228939700733
1102181,,-122.91387921412,49.2080473864768
1102182,,-122.915890552178,49.2096628135746
1102183,,-122.919658925402,49.2123689361784
1102184,,-122.91550403545,49.2002058495369
1102185,,-122.95566053309,49.1825935066178
1102186,,-122.954348195821,49.1813327529238
1102187,,-122.954798657236,49.1829522580137
1102188,,-122.95355517076,49.181716828881
1102189,,-122.952389704037,49.1805557206377
1102190,,-122.943151889863,49.1843123956432
1102191,,-122.941725193128,49.1828376414934
1102192,,-122.954683363785,49.1795967836125
1102193,,-122.955584096568,49.1804682597614
1102194,,-122.956541847612,49.1813946820185
1102195,,-122.927548564269,49.2189340889126
1102196,,-122.927328463676,49.2187583116154
1102197,,-122.925734981639,49.2174889111468
1102198,,-122.92470730317,49.2166704284996
1102199,,-122.923880730364,49.2160116950183
1102200,,-122.923912626422,49.216037169075
1102201,,-122.931425426065,49.2168845223356
1102202,,-122.930949671385,49.216522286022
1102203,,-122.930507980281,49.2161865953003
1102204,,-122.930007545701,49.2158050363404
1102205,,-122.92965795341,49.2155389855799
1102206,,-122.928593589787,49.2147282850124
1102207,,-122.915483044943,49.2108717383772
1102208,,-122.915565760351,49.210937599399
1102209,,-122.917293720133,49.2123142576572
1102210,,-122.91741958314,49.2124144634344
1102211,,-122.913546682224,49.2093289427679
1102212,,-122.91365286727,49.2094137623252
1102213,,-122.914409142076,49.2100161379537
1102214,,-122.914504693506,49.2100922566896
1102215,,-122.924478765143,49.2035347400303
1102216,,-122.925404518303,49.2042367607949
1102217,,-122.92626782884,49.20492447936
1102218,,-122.926318528197,49.2049647512725
1102219,,-122.914908212757,49.2047554277814
1102220,,-122.914790823425,49.2048185439988
1102221,,-122.913417889034,49.2055565855766
1102222,0,-122.902929147825,49.2116694017905
1102223,,-122.904074582713,49.211166377051
1102224,,-122.955292681421,49.1822402350893
1102225,,-122.92093220439,49.2066036757818
1102226,,-122.919542315639,49.2073407573468
1102227,,-122.919254184539,49.2074960183352
1102228,,-122.919371144293,49.2074332211416
1102229,,-122.925921828052,49.1947730063587
1102230,,-122.924829047685,49.1950291191716
1102231,,-122.924611157404,49.194804458656
1102232,,-122.924187611634,49.1943680229858
1102233,,-122.923823350481,49.1939921615077
1102234,,-122.923577169405,49.1937388491511
1102235,,-122.925865440612,49.1947143477272
1102236,,-122.925206371405,49.1940350942016
1102237,,-122.924377628352,49.1931809396966
1102238,,-122.924708164246,49.1927623193653
1102239,,-122.924520197157,49.1928935939521
1102240,,-122.924253558397,49.1930788263339
1102241,,-122.923767733223,49.193417513131
1102242,,-122.923453320277,49.1936369968485
1102243,,-122.923081763682,49.1938961604695
1102244,,-122.922745259216,49.1942531226946
1102245,,-122.922721205444,49.1943993955848
1102246,,-122.922708496774,49.1944797476105
1102247,,-122.922806205789,49.1949144565736
1102248,,-122.922847282941,49.1949908407292
1102249,,-122.923221266785,49.1952623984505
1102250,,-122.923896222488,49.1954629368731
1102251,,-122.924011732696,49.1954737164477
1102252,,-122.924887430521,49.1956621248543
1102253,,-122.923790511933,49.1960457687254
1102254,,-122.923780970285,49.1960623569782
1102255,0,-122.932068540708,49.1923859178899
1102256,0,-122.905195481692,49.2095837295546
1102257,0,-122.948021187676,49.1857719049074
1102258,0,-122.950501669317,49.1995135501105
1102259,0,-122.928291078532,49.1939391851707
1102260,0,-122.929547917485,49.1934152278049
1102261,0,-122.929693078218,49.1933547112271
1102262,0,-122.932021638633,49.1924039843725
1102263,0,-122.904245413931,49.2110660243388
1102264,0,-122.904202103526,49.2112047623281
1102265,0,-122.89574994248,49.2220175977045
1102266,0,-122.909016850651,49.2150282399796
1102267,0,-122.910819796626,49.2140582688898
1102268,0,-122.948693002797,49.1864588823751
1102269,0,-122.894449995718,49.222002357606
1102270,0,-122.921224716345,49.2223229867831
1102271,0,-122.924924252841,49.2203041509591
1102272,0,-122.923035898897,49.2213447325229
1102273,0,-122.89617725988,49.2205136807126
1102274,0,-122.907565227905,49.2235972257448
1102275,0,-122.908332865562,49.2242202802777
1102276,0,-122.906449788431,49.2226915404847
1102277,0,-122.906130892393,49.2224326389977
1102278,0,-122.905020080666,49.2215307754839
1102279,0,-122.904806747169,49.2214265866541
1102280,0,-122.904611522007,49.221362032057
1102281,0,-122.903436078314,49.2209655603078
1102282,0,-122.902372205848,49.2206106742052
1102283,0,-122.902175824742,49.2205846610481
1102284,0,-122.900876122189,49.2205688206149
1102285,0,-122.900271813207,49.2205610934582
1102286,0,-122.898848412015,49.2205432496342
1102287,0,-122.898732602752,49.2205420228575
1102288,0,-122.893596953333,49.2204843352322
1102289,0,-122.894450036705,49.2204954858309
1102290,0,-122.894216106707,49.2356677944829
1102291,0,-122.894216034177,49.2357011155198
1102292,0,-122.894345064681,49.2356695487326
1102293,0,-122.952483100526,49.1984428740834
1102294,0,-122.953366280521,49.1979641503174
1102295,0,-122.931292282623,49.2041392601701
1102296,0,-122.927864658861,49.201491391826
1102297,0,-122.929819591013,49.2030553704817
1102298,0,-122.929893797488,49.2030422599205
1102299,0,-122.930788536715,49.2037441189061
1102300,0,-122.923598998592,49.2038566887846
1102301,0,-122.92265941056,49.2031148184449
1102302,0,-122.921627086187,49.2022043568079
1102303,0,-122.921558174536,49.2021760288018
1102304,0,-122.920862338437,49.2016201464437
1102305,0,-122.920760942326,49.2015392532384
1102306,0,-122.920275791029,49.2011557410934
1102307,0,-122.919642965226,49.2008209417492
1102308,0,-122.920752571134,49.2015067429708
1102309,0,-122.919767473963,49.2007537965086
1102310,0,-122.954559973614,49.1795064705342
1102311,0,-122.955433168596,49.1791496671718
1102312,0,-122.95487757366,49.1772835835991
1102313,0,-122.954942301786,49.1786326037572
1102314,0,-122.956327652715,49.178783896888
1102315,0,-122.956243714781,49.1786956100664
1102316,0,-122.953005504245,49.1780363063463
1102317,0,-122.954034287252,49.1776789667939
1102318,0,-122.95362004026,49.1778367791099
1102319,,-122.914850969394,49.2172687255069
1102320,,-122.949906318853,49.1824029393965
1102321,,-122.950548527668,49.1830776860676
1102322,,-122.951184036916,49.1837453199448
1102323,,-122.918954505209,49.2205294845603
1102324,,-122.917035365091,49.2215636461223
1102325,,-122.918036142731,49.2197977574582
1102326,,-122.916116725032,49.2208317714606
1102327,,-122.912932339534,49.2183005827315
1102328,,-122.915939163613,49.1989139095645
1102329,,-122.926318781865,49.2005445599435
1102330,,-122.927289887643,49.199575301648
1102331,,-122.952044212139,49.1783612590546
1102332,,-122.952630828951,49.1789692207315
1102333,,-122.953213684902,49.1795718759886
1102334,,-122.953553644884,49.1799235509184
1102335,,-122.953053439771,49.1801309609994
1102336,,-122.952437786384,49.1803862665523
1102337,,-122.951623219851,49.1807240628285
1102338,,-122.949325846107,49.1794729059986
1102339,,-122.949924980399,49.180091416735
1102340,,-122.950508914114,49.1806943558543
1102341,,-122.950848726282,49.1810451390821
1102342,,-122.918401767045,49.1990587908977
1102343,,-122.918440318377,49.1988209822293
1102344,,-122.918502999073,49.1984337785184
1102345,,-122.918507436344,49.1984065258688
1102346,,-122.918555139175,49.1981120531546
1102347,,-122.921660595692,49.1997750045818
1102348,,-122.921681845696,49.1997919301658
1102349,,-122.921660595692,49.1997750045818
1102350,,-122.921595799282,49.1997783788311
1102351,,-122.92155147699,49.1998552585918
1102352,,-122.915657436219,49.1987045633046
1102353,,-122.915591235147,49.1983240134567
1102354,,-122.915589511427,49.1983689887334
1102355,,-122.915580084409,49.1981010116346
1102356,,-122.925882860039,49.199039996234
1102357,,-122.924921250653,49.1998002880414
1102358,,-122.925513911541,49.1993884969938
1102359,,-122.924587989075,49.2002331048855
1102360,,-122.923180587813,49.2000344606215
1102361,,-122.922993952443,49.1998685043039
1102362,,-122.924556631967,49.1986477518056
1102363,,-122.923158223285,49.1985214353471
1102364,,-122.906250841793,49.2208574773292
1102365,,-122.940942151357,49.1909842011471
1102366,,-122.940241426747,49.190260796999
1102367,,-122.939314462376,49.1893842594509
1102368,,-122.939344807896,49.1893716819427
1102369,,-122.951590969045,49.1817138957736
1102370,,-122.906106724043,49.220744739465
1102371,,-122.95092450139,49.1810136876391
1102372,,-122.952233191862,49.1823886331621
1102373,,-122.895907966657,49.2198328739321
1102374,,-122.895633396077,49.216860586755
1102375,,-122.894780139262,49.2187879504234
1102376,,-122.894888921056,49.2185032590133
1102377,,-122.895001150018,49.2176875065358
1102378,,-122.894997287537,49.2181158428448
1102379,,-122.895327342245,49.2171733500264
1102380,,-122.909784316623,49.2014461219282
1102381,,-122.910238861476,49.2018081771718
1102382,,-122.910377995166,49.2019190173805
1102383,,-122.910383079216,49.2019163227347
1102384,,-122.895484525684,49.2168045914695
1102385,,-122.895504695796,49.2168118958938
1102386,,-122.896241190239,49.2173337930219
1102387,,-122.918784485837,49.2138846551952
1102388,,-122.9195443446,49.2136341286053
1102389,,-122.919523091151,49.2136161232333
1102390,,-122.919291339731,49.2137702306433
1102391,,-122.91932603367,49.213797870398
1102392,,-122.919403524678,49.213859625837
1102393,,-122.919014547394,49.2140678041608
1102394,,-122.892679652651,49.2348786146992
1102395,,-122.920356477706,49.2028899955114
1102396,,-122.909221042552,49.2287612914196
1102397,,-122.946123965081,49.1988493414221
1102398,,-122.926908829356,49.20963504163
1102399,,-122.926819761357,49.2096608349977
1102400,,-122.926812181724,49.209628863636
1102401,,-122.926733153642,49.2095918428963
1102402,,-122.925614588226,49.2103317100958
1102403,,-122.923796184249,49.2111713709606
1102404,,-122.923877429494,49.2112668888123
1102405,,-122.923887462171,49.2112748796402
1102406,,-122.923910549212,49.2112624408761
1102407,,-122.923922346795,49.2112718415255
1102408,,-122.923922158813,49.2112717631427
1102409,,-122.923956059662,49.2112987191535
1102410,,-122.923961104815,49.2113027325737
1102411,,-122.923980029182,49.2113178571116
1102412,,-122.924059614016,49.211273314428
1102413,,-122.904271697876,49.2258941040339
1102414,,-122.921756560145,49.212382695159
1102415,,-122.92180681539,49.21238146985
1102416,,-122.913954697533,49.2165564448854
1102417,,-122.914007087894,49.216598221993
1102418,,-122.91391965099,49.2165743193786
1102419,,-122.91390354962,49.2165156581606
1102420,,-122.912307785332,49.2176500450295
1102421,,-122.912234555214,49.2176357534874
1102422,,-122.912100386471,49.2174856102434
1102423,,-122.91220474039,49.2175676365817
1102424,,-122.91217086867,49.2175417044338
1102425,,-122.912173885368,49.2175441354524
1102426,,-122.912162300234,49.2175609451134
1102427,,-122.912061457703,49.2176011699278
1102428,,-122.912036236487,49.2176529635212
1102429,,-122.898592526234,49.2200261217802
1102430,,-122.897809199417,49.2197136750407
1102431,,-122.92236879208,49.2044951373429
1102432,,-122.908801396276,49.2025873935283
1102433,,-122.908314836932,49.2022429380586
1102434,,-122.908379833059,49.2022079979109
1102435,,-122.91778976095,49.2144198004951
1102436,,-122.936952294988,49.1868931868689
1102437,,-122.935653351204,49.1874385685108
1102438,,-122.935666068804,49.1874523105554
1102439,,-122.896545251461,49.2193254832801
1102440,,-122.896541964343,49.2193213425095
1102441,,-122.896562431306,49.2193185723033
1102442,,-122.895750823343,49.2236403406563
1102443,,-122.895756651082,49.2227632172236
1102444,,-122.896106955107,49.2153755330805
1102445,,-122.895774436488,49.2157426008071
1102446,,-122.895724794473,49.216233698315
1102447,,-122.895679579326,49.2165782666568
1102448,,-122.895631200142,49.2166643977316
1102449,,-122.944849865114,49.200223792031
1102450,,-122.941498394931,49.1824952364939
1102451,,-122.930556937379,49.2077003473342
1102452,,-122.930492639555,49.2077054251823
1102453,,-122.930514306584,49.2077232488971
1102454,,-122.930541087152,49.2077444246302
1102455,,-122.929219658175,49.2083909928907
1102456,,-122.928730972895,49.2087187506591
1102457,,-122.910044933341,49.2188122703751
1102458,,-122.910957770575,49.2183212059063
1102459,,-122.943856813501,49.199362812001
1102460,,-122.943802420776,49.1993921084437
1102461,,-122.93452732102,49.1862110948038
1102462,,-122.901652706927,49.2066657529588
1102463,,-122.943223918306,49.1842827114091
1102464,,-122.954687606545,49.1972486929552
1102465,,-122.953391746213,49.1980250399337
1102466,,-122.89304657715,49.2219747330745
1102467,,-122.91359656698,49.1989142498042
1102468,,-122.914500235757,49.19968671952
1102469,,-122.914393029458,49.1997657987965
1102470,,-122.914370396219,49.1997564269017
1102471,,-122.920490652926,49.1991943488664
1102472,,-122.918002215444,49.1990328002497
1102473,,-122.92945745485,49.1934529340194
1102474,,-122.915350008547,49.2005258877246
1102475,,-122.880768620927,49.2296126689089
1102476,,-122.880323076719,49.2300252399206
1102477,,-122.887725162169,49.2233631408216
1102478,,-122.888213065933,49.2238705873548
1102479,,-122.888995036668,49.2241390109295
1102480,,-122.931483702775,49.2048542391388
1102481,,-122.933241376842,49.2062550263274
1102482,,-122.915808602872,49.2204334255396
1102483,,-122.927892066574,49.2014765666916
1102484,,-122.921503171747,49.2021320889679
1102485,,-122.932900812294,49.2040911904261
1102486,,-122.911570467457,49.2201316032096
1102487,,-122.912179324816,49.2205480289157
1102488,,-122.914003686197,49.2212618450294
1102489,,-122.911516748063,49.2201979597834
1102490,,-122.911524814124,49.2200935920065
1102491,,-122.911441840504,49.2201382700152
1102492,,-122.91081237789,49.2194333478378
1102493,,-122.910251342015,49.2197101692424
1102494,,-122.911294257356,49.2199168991356
1102495,,-122.910678976309,49.2192618254124
1102496,,-122.910926847499,49.2196117557816
1102497,,-122.910138804797,49.2187617728995
1102498,,-122.910695393538,49.2206023101886
1102499,,-122.912560571307,49.2195984055702
1102500,,-122.919060537285,49.2206139534493
1102501,,-122.922792912307,49.2186062454994
1102502,,-122.920417414104,49.2216948667143
1102503,,-122.91849669545,49.2227280069093
1102504,,-122.916770841213,49.2236274437588
1102505,,-122.916182713717,49.2230120120323
1102506,,-122.916854014179,49.223547244278
1102507,,-122.918448628828,49.2226897044122
1102508,,-122.912610152433,49.2007146376166
1102509,,-122.913861184881,49.2000395802751
1102510,,-122.910889724355,49.2005619321504
1102511,,-122.910815258986,49.2008908149423
1102512,,-122.910523682854,49.2006664084773
1102513,,-122.913110915841,49.2011135406331
1102514,,-122.924901071802,49.2105771660803
1102515,,-122.890179214114,49.2246553314429
1102516,,-122.890105299518,49.2246054273694
1102517,,-122.889424632664,49.2253528241955
1102518,,-122.889347414608,49.2253060648241
1102519,,-122.889316122943,49.2253122712639
1102520,,-122.889300855256,49.225306559932
1102521,,-122.89308651772,49.2205210440931
1102522,,-122.895825376251,49.2205100041734
1102523,,-122.901243969006,49.2061296444342
1102524,,-122.901601036541,49.2064142005055
1102525,,-122.940271883403,49.2004159794689
1102526,,-122.943896884827,49.1993688547282
1102527,,-122.920326377115,49.2132267075702
1102528,,-122.920179322971,49.2131100532517
1102529,,-122.920200422221,49.2130984747079
1102530,,-122.920315201791,49.213189944232
1102531,,-122.917793630457,49.2144876276752
1102532,,-122.917778287617,49.2145487846719
1102533,,-122.89255319323,49.2224605595445
1102534,,-122.892511348784,49.2224412707365
1102535,,-122.892441850335,49.2224451639653
1102536,,-122.892303635932,49.2223456374498
1102537,,-122.892507643535,49.2223418776451
1102538,,-122.892832376686,49.2222123695161
1102539,,-122.892235077734,49.2223068551684
1102540,,-122.892174366676,49.2223634273414
1102541,,-122.946767884843,49.1828220051329
1102542,,-122.946900056666,49.1828072857498
1102543,,-122.944250998501,49.1838906942866
1102544,,-122.944225915404,49.1838647756281
1102545,,-122.944164108646,49.1837920635035
1102546,,-122.943665706658,49.1840345154488
1102547,,-122.943711626219,49.1840795144824
1102548,,-122.944196892907,49.1838141763751
1102549,,-122.947636254249,49.1802060816978
1102550,,-122.951511405524,49.2054217315677
1102551,,-122.950595071997,49.2046897558487
1102552,,-122.950567734185,49.2047358900227
1102553,,-122.950643193801,49.2046952158776
1102554,,-122.95063898256,49.2047249588246
1102555,,-122.95059189523,49.204722867975
1102556,,-122.950717962392,49.2046549128939
1102557,,-122.94837573459,49.2058990123064
1102558,,-122.949273803139,49.2066263199066
1102559,,-122.94721370518,49.2077414427615
1102560,,-122.945472916883,49.2086810917815
1102561,,-122.943805697119,49.2095822503986
1102562,,-122.944306220766,49.2098791574381
1102563,,-122.944231485807,49.2099194202714
1102564,,-122.946299174214,49.207012042714
1102565,,-122.94455921314,49.2079559962064
1102566,,-122.949670117926,49.2039566895723
1102567,,-122.948428203257,49.2029704369466
1102568,,-122.948532455603,49.2029142628277
1102569,,-122.948355917609,49.2029129246869
1102570,,-122.948446590739,49.2028458602604
1102571,,-122.947358160318,49.2034504830829
1102572,,-122.946139925923,49.2040982125609
1102573,,-122.946073306043,49.2041336229484
1102574,,-122.94744132554,49.2051589977311
1102575,,-122.945371775364,49.2062733640919
1102576,,-122.944449200655,49.2055422362936
1102577,,-122.944051565422,49.2052280186067
1102578,,-122.942705003912,49.2064828317981
1102579,,-122.943626331808,49.2072165814354
1102580,,-122.942304083072,49.2061636591046
1102581,,-122.940623855239,49.2070518061697
1102582,,-122.940639773842,49.2070645040113
1102583,,-122.941037810608,49.2073816120425
1102584,,-122.941959267381,49.2081157347408
1102585,,-122.94298309145,49.2088204895665
1102586,,-122.94296982659,49.2088904708722
1102587,,-122.942525324847,49.2108388018464
1102588,,-122.942101187883,49.2105012667542
1102589,,-122.940258755499,49.2090350859608
1102590,,-122.939337443145,49.2083017594651
1102591,,-122.938935980683,49.207982125132
1102592,,-122.940255666172,49.2072713803122
1102593,,-122.940815116272,49.2117603148754
1102594,,-122.940390845886,49.2114226835354
1102595,,-122.940310327083,49.2113585955177
1102596,,-122.941186816457,49.2097736257145
1102597,,-122.939476208433,49.2106946691213
1102598,,-122.939051270564,49.2103564027761
1102599,,-122.938548430224,49.209956205844
1102600,,-122.938049712841,49.2095592472094
1102601,,-122.937627126076,49.2092228658273
1102602,,-122.937225529898,49.2089032255279
1102603,,-122.935851765234,49.2096429629993
1102604,,-122.936282435747,49.2099858319204
1102605,,-122.936675942278,49.2102989943962
1102606,,-122.939441737615,49.2125002747823
1102607,,-122.939007868426,49.2121549873806
1102608,,-122.939044766877,49.21218442144
1102609,,-122.938555076271,49.2117945761836
1102610,,-122.938282570135,49.2107703175496
1102611,,-122.937677492835,49.2110961617692
1102612,,-122.937131587551,49.2106616634317
1102613,,-122.935624243139,49.2097654422065
1102614,,-122.937738950702,49.2128875160213
1102615,,-122.937736723921,49.2134317123783
1102616,,-122.935878698618,49.2144022034844
1102617,,-122.935049649091,49.213741583738
1102618,,-122.933698311208,49.2126206783085
1102619,,-122.933663441408,49.2125928799504
1102620,,-122.934142290617,49.2105697750139
1102621,,-122.934020006759,49.210635640686
1102622,,-122.93400403917,49.210623023769
1102623,,-122.932733860903,49.2118967576558
1102624,,-122.932307999128,49.2115573865966
1102625,,-122.93056981106,49.2124997804155
1102626,,-122.930995531838,49.212839067791
1102627,,-122.931872871351,49.2135909915917
1102628,,-122.933306431022,49.2146802960059
1102629,,-122.934135265968,49.2153406896597
1102630,,-122.876436140708,49.2278150581505
1102631,,-122.876386043904,49.2277664157422
1102632,,-122.876386173468,49.2276775939561
1102633,,-122.876999712784,49.2289540432683
1102634,,-122.878610097875,49.2297671857558
1102635,,-122.882500312258,49.231221693545
1102636,,-122.882685225636,49.2312082986397
1102637,,-122.882782962487,49.2311179055653
1102638,,-122.882750468431,49.2311479725194
1102639,,-122.882715954824,49.2311799381118
1102640,,-122.882912976513,49.231144213614
1102641,,-122.88257909071,49.2314527412613
1102642,,-122.883024025896,49.2312909488071
1102643,,-122.88284762461,49.2312478626728
1102644,,-122.882825595937,49.2312696988056
1102645,,-122.882842885584,49.2312770024997
1102646,,-122.883326581388,49.231426756629
1102647,,-122.882909081954,49.2313972462477
1102648,,-122.882872948896,49.2314007177681
1102649,,-122.886190820096,49.2315729650426
1102650,,-122.88634410661,49.2315748250547
1102651,,-122.886315093365,49.2314948871452
1102652,,-122.887484691601,49.2315881751429
1102653,,-122.888773344355,49.2316033657265
1102654,,-122.890222839375,49.2316204039904
1102655,,-122.891501879047,49.2316354650483
1102656,,-122.891553985593,49.2297309480856
1102657,,-122.890275269772,49.2297158878955
1102658,,-122.888973892102,49.2297006118675
1102659,,-122.88882583045,49.2296988503239
1102660,,-122.886294225266,49.2314946399264
1102661,,-122.886297141437,49.2313904660311
1102662,,-122.892738516056,49.227952161829
1102663,,-122.892092528551,49.2278458658828
1102664,,-122.891464731703,49.2278384413449
1102665,,-122.892138592403,49.2276955081198
1102666,,-122.89213933866,49.2276681632193
1102667,,-122.891602957951,49.2279387783505
1102668,,-122.890324288365,49.2279237187306
1102669,,-122.889023095094,49.2279084434158
1102670,,-122.889592109573,49.2279151054351
1102671,,-122.889598912606,49.2276795251206
1102672,,-122.889600496221,49.2276246573324
1102673,,-122.886689629445,49.2278809913926
1102674,,-122.886438681171,49.2281273051007
1102675,,-122.886394108437,49.227926901709
1102676,,-122.886482166919,49.2278455064922
1102677,,-122.8882726953,49.2264176547256
1102678,,-122.889314267195,49.2252423034062
1102679,,-122.889516702909,49.2252677271204
1102680,,-122.89026632586,49.2245755362542
1102681,,-122.890982156916,49.2237522474992
1102682,,-122.891566663985,49.2233726575895
1102683,,-122.891867484261,49.2230945359911
1102684,,-122.892373442445,49.2222801413795
1102685,,-122.917888627198,49.2042205612242
1102686,,-122.917921054485,49.2042031333939
1102687,,-122.918581484299,49.2038476658582
1102688,,-122.916421744242,49.2013814837778
1102689,,-122.916836588563,49.2017127284809
1102690,,-122.917301056356,49.2020836683978
1102691,,-122.915459539613,49.2006131324404
1102692,,-122.914904969168,49.2009117047991
1102693,,-122.914396344562,49.2011854401281
1102694,,-122.913682954569,49.2015691885292
1102695,,-122.914331785286,49.2035932544316
1102696,,-122.914303891408,49.2036083458421
1102697,,-122.914358453375,49.2036520135109
1102698,,-122.913490405863,49.2029588185116
1102699,,-122.913559435306,49.2029711038007
1102700,,-122.915406117913,49.2044897081164
1102701,,-122.912615602183,49.2022182965046
1102702,,-122.912528480748,49.2021906149845
1102703,,-122.911456506804,49.2013371335114
1102704,,-122.914170895922,49.1998635928146
1102705,,-122.91131792046,49.2012268347293
1102706,,-122.911349248946,49.2012099476093
1102707,,-122.911475747959,49.2027855717239
1102708,,-122.909847836296,49.2022222861819
1102709,,-122.910331861437,49.2026074819384
1102710,,-122.910927346456,49.2030788466691
1102711,,-122.911801371104,49.2037886168368
1102712,,-122.911828240591,49.2038096863505
1102713,,-122.911787936209,49.2037781720304
1102714,,-122.911477070234,49.2041212847487
1102715,,-122.911373836473,49.204120306054
1102716,,-122.911434847905,49.2040875200126
1102717,,-122.912236672683,49.2047276077724
1102718,,-122.912196368412,49.2046954639294
1102719,,-122.912363800491,49.204725455473
1102720,,-122.91233755452,49.2047395581735
1102721,,-122.914945459494,49.2048543989863
1102722,,-122.91485854107,49.2047849812081
1102723,,-122.913368304807,49.2055869731877
1102724,,-122.913445873267,49.2055856820455
1102725,,-122.913262632939,49.2056438341064
1102726,,-122.910032820436,49.2035598561715
1102727,,-122.909984009711,49.2035860799183
1102728,,-122.907235721166,49.2028239824495
1102729,,-122.907275609709,49.2028556779362
1102730,,-122.90636160397,49.203297419387
1102731,,-122.906297017001,49.2033322687719
1102732,,-122.906264723482,49.2033496934507
1102733,,-122.906422245679,49.2033890406848
1102734,,-122.906038531107,49.2034715758831
1102735,,-122.907841181459,49.2033057156846
1102736,,-122.907674497105,49.2031730818017
1102737,,-122.906516463415,49.2040210367482
1102738,,-122.906371587242,49.2038993029616
1102739,,-122.905066484551,49.2046036489644
1102740,,-122.905216581131,49.204722869974
1102741,,-122.905303570928,49.2046758959184
1102742,,-122.904546610446,49.2048810852531
1102743,,-122.908410927443,49.2035824145208
1102744,,-122.908316363685,49.2036447668746
1102745,,-122.908287231268,49.2036604855201
1102746,,-122.908935005141,49.2041364895463
1102747,,-122.908868794406,49.2040841746417
1102748,,-122.908915605383,49.2041599519785
1102749,,-122.908905597737,49.2041523880356
1102750,,-122.908865755625,49.2041869246388
1102751,,-122.906377985685,49.2055275469731
1102752,,-122.904698899174,49.2050023776597
1102753,,-122.906273210408,49.2054472482437
1102754,,-122.906444362028,49.2054917095224
1102755,,-122.906321366188,49.2054855829854
1102756,,-122.907327680889,49.2062854468808
1102757,,-122.907340292472,49.2062955317292
1102758,,-122.909347761178,49.2044636134135
1102759,,-122.910025653222,49.2048460837952
1102760,,-122.909907199181,49.2049098580731
1102761,,-122.909878066523,49.2049255771163
1102762,,-122.909844348434,49.2049428847406
1102763,,-122.910684412706,49.2055670283818
1102764,,-122.910731023077,49.2056040350814
1102765,,-122.910758449143,49.2055892257299
1102766,,-122.910844807565,49.2056943457834
1102767,,-122.910834550012,49.2055963790919
1102768,,-122.910464840128,49.2059007637697
1102769,,-122.910748746873,49.2057465315676
1102770,,-122.910870991572,49.2057152350777
1102771,,-122.909271601507,49.2065471340951
1102772,,-122.912003923413,49.2066151834938
1102773,,-122.912018447254,49.2066267193288
1102774,,-122.908445030072,49.2069949305808
1102775,,-122.906810130585,49.2078805257619
1102776,,-122.908142880393,49.2089600388564
1102777,,-122.907749734428,49.2086294184451
1102778,,-122.914481004038,49.2036451581423
1102779,,-122.919132804616,49.2035502098286
1102780,,-122.919196558448,49.2035158024514
1102781,,-122.919081316688,49.2035088682555
1102782,,-122.918269359692,49.2028569640138
1102783,,-122.916310341578,49.2002105825155
1102784,,-122.920124263638,49.2012059723188
1102785,,-122.920615075945,49.2015986057265
1102786,,-122.921310759824,49.2012059195988
1102787,,-122.921228993094,49.1999655914053
1102788,,-122.922687695194,49.2016320232209
1102789,,-122.926521304071,49.2003525672639
1102790,,-122.926842780394,49.1999763088586
1102791,,-122.925729979379,49.2003788635447
1102792,,-122.925642434279,49.200411300954
1102793,,-122.923997030145,49.2001496908754
1102794,,-122.925669746327,49.2004530261588
1102795,,-122.925654036227,49.2004508094997
1102796,,-122.924132315571,49.2000114320373
1102797,,-122.924106111267,49.2000918328427
1102798,,-122.921507985865,49.1999272814349
1102799,,-122.924087216618,49.2001497501851
1102800,,-122.921495666741,49.2022752719688
1102801,,-122.926876673892,49.2006232635799
1102802,,-122.927837251133,49.201506216954
1102803,,-122.927445298686,49.2017179007186
1102804,,-122.926286044934,49.2023440492386
1102805,,-122.926331978082,49.2023806894176
1102806,,-122.923440395607,49.2021973737514
1102807,,-122.924173156936,49.2026793575779
1102808,,-122.924961893648,49.2030591325171
1102809,,-122.924770792603,49.2031559775373
1102810,,-122.924801984473,49.2032070533692
1102811,,-122.924340549595,49.2034337412124
1102812,,-122.919342005911,49.2037168464951
1102813,,-122.92114565826,49.2051534841528
1102814,,-122.921245337705,49.2052328906742
1102815,,-122.921690677216,49.2055875181715
1102816,,-122.923502861679,49.2038847534522
1102817,,-122.923560795944,49.203877318513
1102818,,-122.923520787893,49.2038989230232
1102819,,-122.923550988049,49.2039231052866
1102820,,-122.924472817024,49.2046514313247
1102821,,-122.922111342248,49.2059226075022
1102822,,-122.925439099997,49.2054152200795
1102823,,-122.926267691502,49.2049688359794
1102824,,-122.925532752523,49.2054904811694
1102825,,-122.928243681631,49.2039043473021
1102826,,-122.928256596021,49.2038974289447
1102827,,-122.927604686815,49.2042485584264
1102828,,-122.926914710781,49.2046202593585
1102829,,-122.923177173191,49.2067585344018
1102830,,-122.92650014753,49.206267034966
1102831,,-122.926893010288,49.2065824794004
1102832,,-122.929319039284,49.2047443615655
1102833,,-122.928912734121,49.2044204614301
1102834,,-122.929661859207,49.2050175780914
1102835,,-122.918129722229,49.2043695145926
1102836,,-122.918629186955,49.2047677295421
1102837,,-122.917842677185,49.2051912110754
1102838,,-122.920649290516,49.2055501965915
1102839,,-122.920029321544,49.2058838542945
1102840,,-122.919472139273,49.2061837301338
1102841,,-122.92096853821,49.2066326394087
1102842,,-122.918518568834,49.2067534530118
1102843,,-122.918540097834,49.206685283868
1102844,,-122.917124476477,49.2056419920029
1102845,,-122.917126644896,49.2055766877108
1102846,,-122.916912011706,49.2056922130193
1102847,,-122.916412235625,49.2050741454347
1102848,,-122.91636808958,49.2050389418687
1102849,,-122.916203611349,49.2051274263328
1102850,,-122.916384857353,49.205271842237
1102851,,-122.918311722129,49.2068081782038
1102852,,-122.924148952878,49.2075327718612
1102853,,-122.924231777096,49.2074881861814
1102854,,-122.924203346369,49.2075496485545
1102855,,-122.922944508096,49.2081469827696
1102856,,-122.92296960016,49.2081678685827
1102857,,-122.923907705487,49.208982204411
1102858,,-122.920461332805,49.2082979496306
1102859,,-122.920473260875,49.2082225773001
1102860,,-122.92136525867,49.2089968729798
1102861,,-122.921191981763,49.2090901260007
1102862,,-122.915751207002,49.2054368403741
1102863,,-122.915836041971,49.2055672089795
1102864,,-122.915654114349,49.2054202730407
1102865,,-122.915314839868,49.2058477511112
1102866,,-122.917827210156,49.207068877955
1102867,,-122.917775596504,49.2078096935538
1102868,,-122.920252577924,49.208341342903
1102869,,-122.91918322624,49.2089168380043
1102870,,-122.914261594912,49.2062369201505
1102871,,-122.914253729618,49.2064187991734
1102872,,-122.914174403571,49.2062838881956
1102873,,-122.914181535769,49.206362349557
1102874,,-122.9102451503,49.2083455140999
1102875,,-122.910424062879,49.2084865192537
1102876,,-122.910039284345,49.2084563558478
1102877,,-122.908529344618,49.2092687041097
1102878,,-122.910371978041,49.2085145441597
1102879,,-122.910210363517,49.2086014930628
1102880,,-122.910216959956,49.2085979900267
1102881,,-122.917241556837,49.2073839247643
1102882,,-122.916180436009,49.2079549004152
1102883,,-122.915448292714,49.2073712019755
1102884,,-122.913256087371,49.2075868973397
1102885,,-122.913813965142,49.2073851961149
1102886,,-122.916714472703,49.2083806740669
1102887,,-122.917152129194,49.2087295563431
1102888,,-122.919082607942,49.2102514886276
1102889,,-122.917662639753,49.2097444758704
1102890,,-122.91742508865,49.2098723335462
1102891,,-122.918025521699,49.2103509507785
1102892,,-122.91561096024,49.2108524983296
1102893,,-122.917951005704,49.2112411614962
1102894,,-122.911177451709,49.2093725974844
1102895,,-122.913676885025,49.2093148536747
1102896,,-122.913289071638,49.209523613736
1102897,,-122.913377367394,49.2095940231517
1102898,,-122.915234137281,49.2110552460527
1102899,,-122.908875097786,49.2093199806917
1102900,,-122.908723647996,49.209401448395
1102901,,-122.908706743898,49.2094105202789
1102902,,-122.909311062267,49.2096675420012
1102903,,-122.909677978946,49.2101621206482
1102904,,-122.909933121173,49.2103654334977
1102905,,-122.912032556032,49.2100543752035
1102906,,-122.912366237711,49.2101047326036
1102907,,-122.912302895457,49.2100542209582
1102908,,-122.912202976468,49.2101902437754
1102909,,-122.912147827656,49.2101377206299
1102910,,-122.914235170363,49.211592786616
1102911,,-122.911399156642,49.2105406261606
1102912,,-122.911374679052,49.2104084665952
1102913,,-122.910699201659,49.2107718057609
1102914,,-122.910611806724,49.2109642373218
1102915,,-122.913196775028,49.2119738608488
1102916,,-122.912576749812,49.2122653802233
1102917,,-122.912378020212,49.2123719137299
1102918,,-122.912425049198,49.2124094597353
1102919,,-122.912741283493,49.2123965659431
1102920,,-122.91353688401,49.2119684489044
1102921,,-122.913568170318,49.2132393261881
1102922,,-122.913939041981,49.2115743958834
1102923,,-122.91409086883,49.2116703986582
1102924,,-122.914084409557,49.2116739020157
1102925,,-122.906747333364,49.2104647321292
1102926,,-122.90648468882,49.2106060156794
1102927,,-122.905790091073,49.2108175241616
1102928,,-122.904686382501,49.2115856618045
1102929,,-122.904739437032,49.2116279834195
1102930,,-122.905234206091,49.2120224739014
1102931,,-122.904841642128,49.2122445146394
1102932,,-122.90589966872,49.2125529302289
1102933,,-122.909054375675,49.2116568280799
1102934,,-122.908569904967,49.2119174888308
1102935,,-122.908315895358,49.2120656197615
1102936,,-122.908685207338,49.2120094219119
1102937,,-122.908422560121,49.2121507098288
1102938,,-122.909761201056,49.2128670684552
1102939,,-122.911314036728,49.214452070687
1102940,,-122.911579299358,49.214309339008
1102941,,-122.912145286058,49.2151144608942
1102942,,-122.90925240185,49.2141122467958
1102943,,-122.906508249147,49.2130380004109
1102944,,-122.906614913064,49.2131230021798
1102945,,-122.906631090775,49.2131359684673
1102946,,-122.906572262602,49.213168393877
1102947,,-122.906561732226,49.2132188489045
1102948,,-122.906495786825,49.2131663566314
1102949,,-122.905046047589,49.2141291949379
1102950,,-122.904684499737,49.2143503610281
1102951,,-122.904652005858,49.2143251474193
1102952,,-122.905765009773,49.2136892846935
1102953,,-122.905315986546,49.2139190168509
1102954,,-122.903620243831,49.2148289264816
1102955,,-122.908059984174,49.2142748380904
1102956,,-122.907994559395,49.2143101374578
1102957,,-122.907990346455,49.214360597637
1102958,,-122.907793331149,49.2144215185046
1102959,,-122.908587729344,49.214686251388
1102960,,-122.90847488547,49.2147468801839
1102961,,-122.909511035231,49.2154220727698
1102962,,-122.909441383289,49.215516108821
1102963,,-122.909552032049,49.2154547577476
1102964,,-122.910043459774,49.2159953044837
1102965,,-122.910365498856,49.2173384635956
1102966,,-122.910325321735,49.2173069489401
1102967,,-122.910110312477,49.2171387500321
1102968,,-122.910002945713,49.2170546505335
1102969,,-122.909895441996,49.216970550827
1102970,,-122.90961073956,49.2167691040158
1102971,,-122.909207744552,49.2164537732977
1102972,,-122.90866218835,49.2167529759438
1102973,,-122.908272637089,49.2164480871147
1102974,,-122.907983843474,49.2166064441943
1102975,,-122.907332508338,49.2152354925906
1102976,,-122.907472733812,49.2147045235776
1102977,,-122.906369640264,49.2157634587296
1102978,,-122.905931848593,49.2154207426573
1102979,,-122.907117655361,49.2150673781259
1102980,,-122.906915336702,49.2154642669721
1102981,,-122.906991376901,49.2149685083257
1102982,,-122.904452428105,49.2172094990741
1102983,,-122.904460380372,49.2172158023463
1102984,,-122.905067430548,49.2180204806469
1102985,,-122.906118600933,49.2182445125677
1102986,,-122.906427527321,49.2184862863978
1102987,,-122.906744546845,49.218734362618
1102988,,-122.906884272161,49.2188437679341
1102989,,-122.905597645805,49.2201710558006
1102990,,-122.906661253265,49.2194313392141
1102991,,-122.906824912108,49.2197400092498
1102992,,-122.90554280446,49.2205567282829
1102993,,-122.903976678805,49.2202995215087
1102994,,-122.895528355578,49.2166619659897
1102995,,-122.90227242693,49.2054812387058
1102996,,-122.903000323944,49.2056857756474
1102997,,-122.903654855995,49.2062039127808
1102998,,-122.90182786588,49.206606982784
1102999,,-122.901818245395,49.2066121918779
1103000,,-122.901599224541,49.2072581374915
1103001,,-122.902123130137,49.2069763102966
1103002,,-122.902282741432,49.2069350670833
1103003,,-122.902305358644,49.2069530768036
1103004,,-122.904188905936,49.2066284851683
1103005,,-122.904689770609,49.2070376457222
1103006,,-122.902790585888,49.2073399105241
1103007,,-122.902804562625,49.2073760275956
1103008,,-122.902696649859,49.2074340256467
1103009,,-122.9032971347,49.2077276865463
1103010,,-122.903202326596,49.2078375296132
1103011,,-122.903403669559,49.2077293048888
1103012,,-122.905276698254,49.2073887650875
1103013,,-122.905234465613,49.2074329872898
1103014,,-122.90525872903,49.2074523470747
1103015,,-122.905205492128,49.2074486351155
1103016,,-122.905457224005,49.2076105570175
1103017,,-122.905527273131,49.2076664751021
1103018,,-122.905610013766,49.2077627024279
1103019,,-122.90565525138,49.2077987205579
1103020,,-122.906064094557,49.2080942792768
1103021,,-122.906041555308,49.208106584495
1103022,,-122.9061004221,49.2081232736558
1103023,,-122.906183575806,49.2082198607101
1103024,,-122.905193631854,49.2087560713385
1103025,,-122.903749906965,49.208088686009
1103026,,-122.903664147084,49.2081347603648
1103027,,-122.903651671758,49.2081960079001
1103028,,-122.90457653799,49.2090903679246
1103029,,-122.904088657999,49.2111142637457
1103030,,-122.902757138908,49.2100527858388
1103031,,-122.901698682951,49.2106209318875
1103032,,-122.901797430209,49.2092891733033
1103033,,-122.901684751443,49.2091993044492
1103034,,-122.900924825382,49.2097471879388
1103035,,-122.901206476966,49.20882343292
1103036,,-122.900154748194,49.2069414329308
1103037,,-122.900089213246,49.2087368367427
1103038,,-122.900300410581,49.2100829845505
1103039,,-122.899472385327,49.2097011688343
1103040,,-122.900764741664,49.2104536062149
1103041,,-122.899944508407,49.2113887027396
1103042,,-122.899418119975,49.2116470399883
1103043,,-122.899435803452,49.211661088033
1103044,,-122.896928648771,49.2104146497955
1103045,,-122.899037870449,49.2106651424429
1103046,,-122.898530094769,49.2109381731537
1103047,,-122.957319751371,49.2022764792621
1103048,,-122.956530113932,49.2016786269637
1103049,,-122.95654643832,49.2016914963867
1103050,,-122.95571343266,49.201032586296
1103051,,-122.954932014785,49.2004146242866
1103052,,-122.954116657517,49.199786071264
1103053,,-122.955397602804,49.2033539295737
1103054,,-122.954609781692,49.2027279996258
1103055,,-122.954598944441,49.2027196297381
1103056,,-122.953778174692,49.2020796889012
1103057,,-122.952990418646,49.2014656710632
1103058,,-122.952186610681,49.200825595243
1103059,,-122.953423628652,49.2044172042016
1103060,,-122.952625665263,49.2037824413535
1103061,,-122.951817342267,49.2031367815892
1103062,,-122.950233402704,49.2018830674158
1103063,,-122.951042009575,49.202520819968
1103064,,-122.950834024299,49.2047473377527
1103065,,-122.950028443506,49.204105808179
1103066,,-122.949252989146,49.2034882118475
1103067,,-122.954712400297,49.1981386363153
1103068,,-122.951355376813,49.2001779461531
1103069,,-122.947721159883,49.2022655064699
1103070,,-122.947661886385,49.2022190746712
1103071,,-122.947751741609,49.2022478778252
1103072,,-122.947627047084,49.202191803119
1103073,,-122.949243738461,49.2001865725374
1103074,,-122.946778161722,49.2015253130532
1103075,,-122.947064000221,49.2017507767061
1103076,,-122.945400046035,49.2004224754219
1103077,,-122.945281525838,49.2004726131261
1103078,,-122.947245005625,49.1997422084373
1103079,,-122.950007348276,49.1991220414503
1103080,,-122.950542502679,49.1986227625267
1103081,,-122.941390785657,49.199945918365
1103082,,-122.941110584984,49.2010144178639
1103083,,-122.940791437971,49.2010044498249
1103084,,-122.940555829952,49.2023045096699
1103085,,-122.940452394058,49.202360227252
1103086,,-122.940089560623,49.201915581819
1103087,,-122.939673333801,49.2015840682303
1103088,,-122.939562684236,49.2014959337894
1103089,,-122.946962907711,49.2018053318076
1103090,,-122.946412771064,49.2013678162844
1103091,,-122.94541804427,49.2019049996583
1103092,,-122.945009766331,49.2032864840522
1103093,,-122.944243947079,49.2025396078172
1103094,,-122.944147741633,49.2025997290984
1103095,,-122.94135905667,49.2029811869011
1103096,,-122.942110374867,49.203690935157
1103097,,-122.942107083193,49.2036883248707
1103098,,-122.942980208224,49.2043839157968
1103099,,-122.941417774633,49.2052205960186
1103100,,-122.940605764383,49.2056570828265
1103101,,-122.94053915624,49.2045327265096
1103102,,-122.939784237553,49.2062309170786
1103103,,-122.940753424113,49.2070029904811
1103104,,-122.939701769422,49.2063097627865
1103105,,-122.939633813999,49.2063082880442
1103106,,-122.938858497348,49.2054378319389
1103107,,-122.938817461052,49.2054526758348
1103108,,-122.938660585065,49.205530761749
1103109,,-122.938716883567,49.2055002777918
1103110,,-122.938742104886,49.2055452928343
1103111,,-122.937907285356,49.204885756347
1103112,,-122.938631378259,49.2013834476196
1103113,,-122.937031325616,49.2042012797496
1103114,,-122.936933078497,49.2040816615512
1103115,,-122.936859454309,49.2040646543974
1103116,,-122.93608779578,49.2034511833282
1103117,,-122.929074422975,49.2150976306436
1103118,,-122.927975471552,49.2144651005045
1103119,,-122.928311500791,49.2147278818061
1103120,,-122.928413407405,49.2148076431978
1103121,,-122.928149759995,49.2148149455876
1103122,,-122.927699518887,49.2142492212512
1103123,,-122.927643149046,49.2142428100984
1103124,,-122.927511540982,49.214315960872
1103125,,-122.927611055348,49.2141800820798
1103126,,-122.927439203502,49.2140458545966
1103127,,-122.927366200615,49.2142023266253
1103128,,-122.926448004013,49.2145793675381
1103129,,-122.92657102886,49.2146755154152
1103130,,-122.926577871873,49.2146285994776
1103131,,-122.929650515373,49.2177545369605
1103132,,-122.924069100598,49.2159821840482
1103133,,-122.926459827658,49.2194747850934
1103134,,-122.924291263236,49.2197999125857
1103135,,-122.923456943682,49.2191352416759
1103136,,-122.922097090403,49.2180519311016
1103137,,-122.921447775586,49.2174007730523
1103138,,-122.921362122368,49.2174663802972
1103139,,-122.92119398322,49.2173324159842
1103140,,-122.921294448152,49.2172785128162
1103141,,-122.920486704496,49.2166346353361
1103142,,-122.939283775094,49.2064968258423
1103143,,-122.936394066912,49.2080528955865
1103144,,-122.936252145935,49.2081292773249
1103145,,-122.935061501521,49.2093168919441
1103146,,-122.934652241166,49.208990761783
1103147,,-122.933052693064,49.2098519543076
1103148,,-122.929579440651,49.211721808324
1103149,,-122.933699058304,49.2082312859173
1103150,,-122.930088199007,49.2100501246583
1103151,,-122.92921140118,49.21052215361
1103152,,-122.928564980322,49.2109134086646
1103153,,-122.92853261475,49.2108875721696
1103154,,-122.928452340577,49.2098174528987
1103155,,-122.927698799782,49.2102231110702
1103156,,-122.934746578699,49.2054314676955
1103157,,-122.933634163925,49.2060435034452
1103158,,-122.933624426941,49.2060357618968
1103159,,-122.933564921532,49.2060807941127
1103160,,-122.933455745423,49.2059009252188
1103161,,-122.932034006343,49.2069050417548
1103162,,-122.926983455148,49.2096529993482
1103163,,-122.93191877951,49.2046722984663
1103164,,-122.931930207613,49.2046137916948
1103165,,-122.931879646096,49.2046410149377
1103166,,-122.930274007639,49.2055055842411
1103167,,-122.930263454782,49.2055112655957
1103168,,-122.927477445816,49.207051682533
1103169,,-122.927453310941,49.2070325074023
1103170,,-122.928155003278,49.2082597239555
1103171,,-122.926956883348,49.2073049318279
1103172,,-122.926527730739,49.2075719997448
1103173,,-122.926308686934,49.2092535910605
1103174,,-122.925619637777,49.2087046453877
1103175,,-122.925194967474,49.2082893598951
1103176,,-122.925194850896,49.2083402416852
1103177,,-122.925137355226,49.2083203248414
1103178,,-122.926878476347,49.2100145336602
1103179,,-122.926397268242,49.2102785995602
1103180,,-122.925915917713,49.2105426633528
1103181,,-122.925498871408,49.2107714151415
1103182,,-122.926668231659,49.2097645112503
1103183,,-122.922431273621,49.2097396934947
1103184,,-122.922173522763,49.2098784055805
1103185,,-122.921109086469,49.2104513265303
1103186,,-122.921138156866,49.2104745542248
1103187,,-122.922304290298,49.2114036581567
1103188,,-122.918668426685,49.2118127796151
1103189,,-122.917535413403,49.2123861453721
1103190,,-122.917159271961,49.2125896194315
1103191,,-122.91616537528,49.2131271801825
1103192,,-122.91599994557,49.2131582430504
1103193,,-122.915440693888,49.2134603760829
1103194,,-122.914627084257,49.2138999348158
1103195,,-122.914507909137,49.2139642654917
1103196,,-122.916881225552,49.2139025512337
1103197,,-122.915540135002,49.2146278575255
1103198,,-122.915313843057,49.2146304803795
1103199,,-122.92474775856,49.2118215777313
1103200,,-122.924664069612,49.2118687484297
1103201,,-122.924732638688,49.2119229447511
1103202,,-122.925099623593,49.2122125616352
1103203,,-122.925182232839,49.2121676495403
1103204,,-122.925646839812,49.2125380047738
1103205,,-122.92556796076,49.2125821208205
1103206,,-122.925599092039,49.2126066980039
1103207,,-122.925741447161,49.212718331137
1103208,,-122.925821568781,49.2126742850345
1103209,,-122.926510974008,49.2133199781132
1103210,,-122.923047571591,49.2152515284686
1103211,,-122.922992241728,49.2152470839076
1103212,,-122.922940790445,49.2153092069836
1103213,,-122.922090058658,49.2144879968146
1103214,,-122.922025951951,49.2144771592198
1103215,,-122.921992464932,49.2145538663633
1103216,,-122.921982316733,49.214545763756
1103217,,-122.921118083667,49.2138573975233
1103218,,-122.921171456319,49.2137963559885
1103219,,-122.921256882979,49.2137831012366
1103220,,-122.921241539491,49.2137913142636
1103221,,-122.921316233399,49.2120318497803
1103222,,-122.919484321079,49.2124629007873
1103223,,-122.920965618046,49.2151044675434
1103224,,-122.920579148856,49.2153144437678
1103225,,-122.91763487432,49.2145031663734
1103226,,-122.917741370959,49.2144458460664
1103227,,-122.917750345935,49.2145896033587
1103228,,-122.917785042422,49.2146155344707
1103229,,-122.917890608156,49.2145656812476
1103230,,-122.917858998389,49.2145397442664
1103231,,-122.916290761615,49.2152261403771
1103232,,-122.916261382094,49.2153856054094
1103233,,-122.918552974636,49.2152275777137
1103234,,-122.918652340118,49.2151734061905
1103235,,-122.919434611527,49.2159302776105
1103236,,-122.919535262652,49.2158761431117
1103237,,-122.920386215015,49.2166886997056
1103238,,-122.920559130672,49.2218077595558
1103239,,-122.919891190908,49.2212757704211
1103240,,-122.919724690105,49.2211430618354
1103241,,-122.91836500045,49.2200598877191
1103242,,-122.917629909764,49.2194741333779
1103243,,-122.917879099846,49.2193401013091
1103244,,-122.919297961086,49.2233663052232
1103245,,-122.919401034855,49.2234059563658
1103246,,-122.91797065071,49.2223088274067
1103247,,-122.917763627715,49.222143935442
1103248,,-122.916549873914,49.2211360129351
1103249,,-122.915710698986,49.2205083747157
1103250,,-122.915926125371,49.2203905739997
1103251,,-122.914534503894,49.221141047489
1103252,,-122.914421090063,49.2217660449143
1103253,,-122.914807008667,49.2220734287077
1103254,,-122.914924947671,49.2220099190676
1103255,,-122.915984265549,49.2228539073517
1103256,,-122.915490757911,49.2249854293015
1103257,,-122.915514672692,49.2249725799665
1103258,,-122.914772139449,49.2244281078683
1103259,,-122.913011669398,49.2234882159031
1103260,,-122.911923874723,49.2226184486679
1103261,,-122.9122541255,49.2224048824417
1103262,,-122.91227282395,49.2223928429821
1103263,,-122.91349488211,49.2251011602387
1103264,,-122.912215711982,49.2254063041254
1103265,,-122.910529830811,49.2249664914921
1103266,,-122.913480975793,49.2260651723439
1103267,,-122.915856769499,49.2253079968426
1103268,,-122.916904581573,49.2185635619267
1103269,,-122.915948325216,49.2178059175833
1103270,,-122.915695701439,49.2179418320243
1103271,,-122.914813532887,49.2172389235356
1103272,,-122.915066292812,49.2171030111075
1103273,,-122.914378681401,49.2165550400375
1103274,,-122.91414880865,49.2164603524258
1103275,,-122.913273330845,49.2157625795585
1103276,,-122.9131569086,49.2159206911786
1103277,,-122.912426453149,49.2150875923076
1103278,,-122.912332714891,49.2150128999477
1103279,,-122.912238541489,49.2151888130164
1103280,,-122.910386060098,49.2161866269238
1103281,,-122.911353752676,49.2168905417581
1103282,,-122.910552975052,49.2162524290323
1103283,,-122.910441916241,49.2163124314462
1103284,,-122.911432597442,49.2169533892811
1103285,,-122.911323185281,49.2170137536087
1103286,,-122.912208037782,49.2175364128821
1103287,,-122.912196376335,49.2177156924868
1103288,,-122.913785022286,49.218976857441
1103289,,-122.912611312268,49.2196087030782
1103290,,-122.912553662359,49.2196397552133
1103291,,-122.912619539209,49.2196453974266
1103292,,-122.956778692797,49.1820145987675
1103293,,-122.955750706006,49.1825560882419
1103294,,-122.956127729506,49.1829360149401
1103295,,-122.954762061056,49.1829676014123
1103296,,-122.954880391816,49.1829183532913
1103297,,-122.951669090787,49.1843459621398
1103298,,-122.951519953902,49.184316934676
1103299,,-122.9516690148,49.1842549006004
1103300,,-122.956754258772,49.1820247543456
1103301,,-122.956722928271,49.1820614120795
1103302,,-122.956769906138,49.182041903507
1103303,,-122.951331999407,49.1870687957523
1103304,,-122.953325823629,49.1862460068001
1103305,,-122.951190316398,49.1871272055673
1103306,,-122.949338225748,49.1852233569453
1103307,,-122.949227049903,49.185109157424
1103308,,-122.949166780662,49.1851344077817
1103309,,-122.949210450152,49.1851807817135
1103310,,-122.949134835073,49.1852121736107
1103311,,-122.946622267818,49.1863325256856
1103312,,-122.942541986865,49.1880457872043
1103313,,-122.942407292731,49.1881016710226
1103314,,-122.949139907769,49.1817635760529
1103315,,-122.94820425976,49.18079427289
1103316,,-122.945633531222,49.1816468384221
1103317,,-122.94541758996,49.1814231404801
1103318,,-122.945159570214,49.1811558289677
1103319,,-122.945573531133,49.1833057291593
1103320,,-122.94561565187,49.1832256464868
1103321,,-122.942815660479,49.1844528302341
1103322,,-122.941254826713,49.193044018217
1103323,,-122.941162548815,49.1930823812394
1103324,,-122.941213965036,49.1931269342287
1103325,,-122.940653328039,49.1933291320458
1103326,,-122.940130707143,49.1935115724481
1103327,,-122.940084314655,49.1935308730241
1103328,,-122.940136679412,49.1935851419209
1103329,,-122.940044312399,49.1935821255559
1103330,,-122.937670163791,49.1945350915588
1103331,,-122.937693192743,49.1945588516095
1103332,,-122.937834835604,49.1951656158572
1103333,,-122.941219884573,49.1885940164604
1103334,,-122.940376019636,49.1888033853852
1103335,,-122.940413313506,49.1888406146789
1103336,,-122.940341089837,49.1888705318147
1103337,,-122.939298640129,49.1893908204189
1103338,,-122.937051960873,49.1903224297498
1103339,,-122.936939816463,49.1902849147632
1103340,,-122.934677326311,49.1878623300094
1103341,,-122.934489758868,49.1879401232683
1103342,,-122.937227967278,49.1845247695311
1103343,,-122.940085078558,49.1855904540966
1103344,,-122.938723766352,49.186157573419
1103345,,-122.938413650767,49.1839381028719
1103346,,-122.934521988851,49.1912836121795
1103347,,-122.932429057541,49.1921531524783
1103348,,-122.93236806974,49.1921784844735
1103349,,-122.932945476334,49.1932929809263
1103350,,-122.931082093488,49.1950152961584
1103351,,-122.930428330456,49.1943390863757
1103352,,-122.927456670725,49.1947874735425
1103353,,-122.927182299561,49.1945052978339
1103354,,-122.930114535538,49.1932899533748
1103355,,-122.932521818958,49.1922029508104
1103356,,-122.927082454574,49.1945467032345
1103357,,-122.927091458512,49.1945961831391
1103358,,-122.927579248977,49.1950632567882
1103359,,-122.927461241509,49.1957917130105
1103360,,-122.926028929368,49.1958069961319
1103361,,-122.879853525252,49.2303431927794
1103362,,-122.878658488263,49.2297224051204
1103363,,-122.951540563541,49.1842133540235
1103364,,-122.954744845153,49.1972935435138
1103365,,-122.953369772759,49.1980369048695
1103366,,-122.906996119339,49.2215158140532
1103367,,-122.906245142721,49.2219100993807
1103368,,-122.906257894705,49.2219205442438
1103369,,-122.905805548209,49.2221684970125
1103370,,-122.915851064487,49.2204106129845
1103371,,-122.915866287097,49.2204227586957
1103372,,-122.895475909311,49.2166579606212
1103373,,-122.922070745014,49.1982094691137
1103374,,-122.904436328226,49.2263432839335
1103375,,-122.906075016753,49.2249394776089
1103376,,-122.906506151207,49.2252888436621
1103377,,-122.9107350685,49.2008290982859
1103378,,-122.893045528481,49.2220152108236
1103379,,-122.913856052688,49.1991217854372
1103380,,-122.908397216629,49.2243054670292
1103381,,-122.879577920013,49.2286095839667
1103382,,-122.892258197163,49.2225268497776
1103383,,-122.89224285699,49.2225199756756
1103384,,-122.892204212263,49.2225557057142
1103385,,-122.891122188419,49.2238179029025
1103386,,-122.891038745415,49.2237787793627
1103387,,-122.891076457351,49.2238258484883
1103388,,-122.890991572457,49.2237860489097
1103389,,-122.946283716798,49.1911164315112
1103390,,-122.952245603009,49.1885239313146
1103391,,-122.943867764223,49.2005119143368
1103392,,-122.907934217655,49.2295729047479
1103393,,-122.90784545868,49.2295002728215
1103394,,-122.947450379064,49.1824645167064
1103395,,-122.895740555318,49.233873069794
1103396,,-122.897169248543,49.2353417456911
1103397,,-122.897095063332,49.2352788028345
1103398,,-122.898491688003,49.2338669744539
1103399,,-122.898537555329,49.2322632509888
1103400,,-122.897121280652,49.2322457169821
1103401,,-122.896499388426,49.2319491276284
1103402,,-122.89632496614,49.2318069361394
1103403,,-122.89578484465,49.2323435568319
1103404,,-122.894433795125,49.2318193459698
1103405,,-122.894504613852,49.2317820803529
1103406,,-122.89263724733,49.2316487593626
1103407,,-122.892857597343,49.2315720545015
1103408,,-122.892800258478,49.2316636629665
1103409,,-122.893037988678,49.2317438511529
1103410,,-122.893190895472,49.231667353049
1103411,,-122.894200453696,49.2316767376013
1103412,,-122.894343908094,49.2316518620829
1103413,,-122.895431341704,49.2310785044182
1103414,,-122.895646267755,49.2309651786261
1103415,,-122.896336279683,49.2306013120537
1103416,,-122.892689443899,49.2297459510854
1103417,,-122.892881965181,49.2284968680593
1103418,,-122.892898459647,49.2278556111638
1103419,,-122.89289980737,49.2278039796094
1103420,,-122.892945980455,49.227856194928
1103421,,-122.895668663639,49.2303096244892
1103422,,-122.895622158286,49.2294347036189
1103423,,-122.895713478162,49.2285300428365
1103424,,-122.896258364244,49.2279942359835
1103425,,-122.896367140737,49.227995503003
1103426,,-122.896410199562,49.2278967601574
1103427,,-122.892933239008,49.2265066238099
1103428,,-122.892765307328,49.2256000152095
1103429,,-122.892947279207,49.225602162949
1103430,,-122.89297396466,49.2246291697266
1103431,,-122.893001988955,49.2236080528869
1103432,,-122.893025992847,49.2227311263157
1103433,,-122.898776359443,49.2246971868686
1103434,,-122.898801734447,49.2237715960878
1103435,,-122.898777072406,49.2236757748738
1103436,,-122.898750959571,49.2256344713179
1103437,,-122.898762545603,49.2252069365019
1103438,,-122.896409175049,49.2265473034061
1103439,,-122.897407774843,49.2265588989493
1103440,,-122.898700283147,49.2265738923096
1103441,,-122.898658946192,49.2279153195757
1103442,,-122.89733301252,49.2279075822243
1103443,,-122.897364464217,49.2279079699831
1103444,,-122.897272963665,49.2301073196666
1103445,,-122.898583640924,49.2306185088768
1103446,,-122.902164197248,49.2325687997949
1103447,,-122.902235521943,49.2326284213539
1103448,,-122.90083780491,49.2314924660105
1103449,,-122.901681269144,49.2315154951882
1103450,,-122.901170166726,49.2311005576571
1103451,,-122.903641708409,49.2317579500559
1103452,,-122.90452093953,49.2307582277024
1103453,,-122.905685084834,49.2301488558032
1103454,,-122.904723059624,49.229364309491
1103455,,-122.911835418711,49.2269491520182
1103456,,-122.912225874858,49.2272673419305
1103457,,-122.911453470494,49.226637893642
1103458,,-122.910927358623,49.2269148131267
1103459,,-122.9097333684,49.2247587108952
1103460,,-122.908928951059,49.2245487596628
1103461,,-122.90974216452,49.2259488039488
1103462,,-122.90896558454,49.2253158148611
1103463,,-122.907831879899,49.2252221746848
1103464,,-122.908808388417,49.2246125309425
1103465,,-122.908426515137,49.2260696363347
1103466,,-122.90717834227,49.2255556455941
1103467,,-122.908083444363,49.2271698497731
1103468,,-122.908156445869,49.2271314081131
1103469,,-122.906530803915,49.2259076478877
1103470,,-122.905532152106,49.2264334182873
1103471,,-122.90708478389,49.2276954535695
1103472,,-122.907505092842,49.2273123228564
1103473,,-122.904934106333,49.2267479417973
1103474,,-122.904503920786,49.2269743575553
1103475,,-122.903868877703,49.2273086345103
1103476,,-122.904910780779,49.2288115255608
1103477,,-122.90438474664,49.2290884152194
1103478,,-122.903283713103,49.2281903113859
1103479,,-122.903471306873,49.2283433877283
1103480,,-122.902943623239,49.2297412587052
1103481,,-122.902356245259,49.2300503805078
1103482,,-122.901876487192,49.2302502084374
1103483,,-122.901951587641,49.2292252624816
1103484,,-122.901260164432,49.2291559497771
1103485,,-122.902856145775,49.2278416561036
1103486,,-122.902861631004,49.2278460683943
1103487,,-122.902351520045,49.2274300572213
1103488,,-122.901371489986,49.227946991912
1103489,,-122.901379569167,49.228580265182
1103490,,-122.899374327991,49.2296354788922
1103491,,-122.899857833972,49.2300298014202
1103492,,-122.898610001679,49.2296843744596
1103493,,-122.898613087859,49.2295756955502
1103494,,-122.90569472613,49.2227017748254
1103495,,-122.904328221246,49.2217998647832
1103496,,-122.902342059752,49.221776704033
1103497,,-122.902331847257,49.2221505388529
1103498,,-122.902320152247,49.2225796933037
1103499,,-122.904675914163,49.2232420040269
1103500,,-122.903710611262,49.2225958828071
1103501,,-122.904309543346,49.2234362687746
1103502,,-122.903835088865,49.2255403174386
1103503,,-122.902680613703,49.2252555499782
1103504,,-122.901373308351,49.2252393291728
1103505,,-122.900055291579,49.2252229943527
1103506,,-122.899879775723,49.2252208634057
1103507,,-122.901399246597,49.2242825248231
1103508,,-122.90270831404,49.2242977573478
1103509,,-122.902707575787,49.224324022906
1103510,,-122.898618139868,49.2293990519841
1103511,,-122.898617992762,49.2294038193424
1103512,,-122.898734876844,49.2293375368487
1103513,,-122.898730679099,49.2293753132582
1103514,,-122.898843570863,49.2293154173867
1103515,,-122.898736244449,49.2292732219425
1103516,,-122.935617797341,49.2030370171146
1103517,,-122.917374127213,49.2021419202922
1103518,,-122.917218479335,49.2021282259386
1103519,,-122.925396120766,49.2151846150906
1103520,,-122.915511795265,49.2226349813122
1103521,,-122.904674529571,49.2143939799212
1103522,,-122.899958940638,49.2113809792929
1103523,,-122.906671981264,49.2301305693892
1103524,,-122.892253310315,49.2223925638226
1103525,,-122.892280400374,49.222367303382
1103526,,-122.914386571758,49.199769302179
1103527,,-122.917157284254,49.2217513569793
1103528,,-122.917196493687,49.2216508863301
1103529,,-122.917212700157,49.2217214820361
1103530,,-122.917153260425,49.2216741674751
1103531,,-122.898580327652,49.2307353975377
1103532,,-122.901403120171,49.2329887231258
1103533,,-122.900578338546,49.2334206852216
1103534,,-122.898550125751,49.2318000801477
1103535,,-122.899775382493,49.2338517122373
1103536,,-122.898520033437,49.2328656001073
1103537,,-122.901320058619,49.2271974888409
1103538,,-122.898684063825,49.2271665624887
1103539,,-122.910354123867,49.2136586716728
1103540,,-122.91062989923,49.2135102760881
1103541,,-122.90853003958,49.21464017956
1103542,,-122.909464240823,49.2141377392459
1103543,,-122.911618320861,49.2129787343682
1103544,,-122.912525971316,49.2124899513587
1103545,,-122.912542691951,49.2125033526024
1103546,,-122.908437272242,49.2133186162249
1103547,,-122.908239501178,49.2128927745411
1103548,,-122.908905267409,49.2125346010221
1103549,,-122.907097544176,49.2135077535547
1103550,,-122.905391577572,49.2094781866824
1103551,,-122.9045559522,49.2114817026163
1103552,,-122.906362451328,49.2105085975247
1103553,,-122.906554198461,49.2104053996389
1103554,,-122.890061395149,49.2245856859583
1103555,,-122.889614695864,49.2243646591287
1103556,,-122.916662076875,49.2187118965238
1103557,,-122.91663963974,49.2186940211144
